brand,fuel_type,year,engine_cc,power_bhp,mileage_kmpl,battery_kwh,range_km,seats,maintenance_cost_per_year,price_lakhs
Datsun,Petrol,2021,1070.0,62,16.3,,,5,9000.0,8.33
Volvo,Petrol,2019,2671.0,183,20.8,,,7,24000.0,80.62
Renault,Petrol,2020,1076.0,87,11.2,,,5,13000.0,6.86
Toyota,Petrol,2017,1775.0,154,14.7,,,7,18100.0,14.62
Hyundai,Petrol,2016,934.0,75,21.7,,,7,17600.0,7.12
Tata,Petrol,2021,852.0,56,18.1,,,7,8600.0,8.72
Volvo,Petrol,2018,2825.0,165,12.4,,,5,22300.0,54.0
Tata,Petrol,2022,1245.0,90,17.4,,,7,8800.0,8.66
Datsun,Petrol,2023,1137.0,78,14.5,,,5,9300.0,7.37
BMW,Petrol,2017,2447.0,247,17.3,,,5,21400.0,45.77
Toyota,Petrol,2023,1530.0,135,17.5,,,5,9600.0,21.91
Datsun,Petrol,2017,898.0,94,16.3,,,5,24500.0,6.46
Skoda,Petrol,2023,1517.0,108,18.7,,,5,8400.0,16.68
Maruti Suzuki,Petrol,2019,851.0,86,13.9,,,5,17200.0,8.78
Datsun,Petrol,2020,959.0,61,21.1,,,5,21700.0,6.62
Volkswagen,Petrol,2024,1327.0,138,12.0,,,5,13400.0,16.47
Maruti Suzuki,Petrol,2021,1082.0,67,13.1,,,5,15100.0,9.74
Hyundai,Petrol,2020,1033.0,78,13.6,,,7,20000.0,10.13
Maruti Suzuki,Petrol,2016,1241.0,66,19.2,,,5,12800.0,6.09
Maruti Suzuki,Petrol,2021,801.0,56,14.5,,,5,18800.0,7.31
Skoda,Petrol,2021,1983.0,126,18.1,,,5,14300.0,17.15
Datsun,Petrol,2015,1171.0,88,12.8,,,5,11200.0,8.0
Renault,Petrol,2017,1051.0,90,20.0,,,7,19000.0,5.14
Maruti Suzuki,Petrol,2015,1223.0,93,18.5,,,5,9900.0,9.53
Audi,Petrol,2023,2062.0,175,15.9,,,5,12100.0,94.46
Renault,Petrol,2021,1252.0,91,14.8,,,5,19900.0,10.07
Kia,Petrol,2022,1451.0,148,19.9,,,5,10700.0,20.32
Volvo,Petrol,2023,2053.0,258,16.7,,,5,12800.0,72.92
Tata,Petrol,2023,1109.0,89,13.0,,,7,12000.0,9.07
Renault,Petrol,2015,1183.0,62,14.8,,,7,9600.0,8.84
Datsun,Petrol,2016,850.0,62,15.2,,,5,17800.0,7.91
Datsun,Petrol,2015,1116.0,73,11.7,,,7,24000.0,7.59
Jaguar,Petrol,2019,2317.0,258,19.6,,,5,17400.0,91.54
Kia,Petrol,2021,1415.0,157,13.4,,,5,10900.0,14.82
Volkswagen,Petrol,2020,1869.0,140,14.5,,,5,16800.0,12.1
BMW,Petrol,2020,2927.0,192,14.0,,,5,13000.0,52.73
Tata,Petrol,2024,1208.0,78,11.3,,,7,21600.0,10.53
Volkswagen,Petrol,2021,1699.0,108,11.2,,,5,9600.0,20.54
Volkswagen,Petrol,2020,1350.0,119,17.3,,,5,12300.0,12.5
Hyundai,Petrol,2019,1243.0,91,14.1,,,7,18600.0,7.92
Datsun,Petrol,2021,1279.0,84,12.7,,,7,24600.0,8.19
Volkswagen,Petrol,2017,1958.0,111,15.7,,,5,12300.0,14.41
Maruti Suzuki,Petrol,2015,1195.0,55,16.3,,,7,17300.0,5.57
Skoda,Petrol,2019,1571.0,155,17.2,,,5,8800.0,19.15
Hyundai,Petrol,2019,1385.0,151,11.5,,,5,22500.0,14.73
Kia,Petrol,2018,1517.0,142,12.5,,,5,19000.0,19.41
Datsun,Petrol,2024,899.0,88,18.0,,,5,16500.0,7.01
Skoda,Petrol,2021,1815.0,110,21.3,,,7,18000.0,11.66
Volvo,Petrol,2015,2489.0,194,19.0,,,5,24000.0,76.35
Maruti Suzuki,Petrol,2016,967.0,64,11.8,,,5,19600.0,5.86
Datsun,Petrol,2016,1209.0,64,14.2,,,5,10000.0,4.97
Skoda,Petrol,2023,1374.0,123,19.6,,,5,17300.0,11.76
Hyundai,Petrol,2016,976.0,89,13.9,,,7,13800.0,7.03
Jaguar,Petrol,2015,2078.0,248,15.4,,,7,22000.0,57.06
Hyundai,Petrol,2023,818.0,90,20.4,,,5,13400.0,5.55
Volvo,Petrol,2019,2650.0,270,12.5,,,5,17400.0,52.16
Datsun,Petrol,2019,950.0,70,16.7,,,5,24900.0,9.13
Hyundai,Petrol,2016,1014.0,83,21.8,,,5,20900.0,6.68
Skoda,Petrol,2022,1529.0,101,11.8,,,5,23200.0,15.61
Datsun,Petrol,2015,964.0,92,20.8,,,5,24100.0,9.76
Volvo,Petrol,2020,2893.0,190,17.9,,,5,23400.0,72.5
Hyundai,Petrol,2024,972.0,67,19.5,,,7,10000.0,7.66
Honda,Petrol,2015,1686.0,156,11.4,,,5,11800.0,14.57
Volvo,Petrol,2019,2484.0,191,10.6,,,5,24900.0,75.77
Hyundai,Petrol,2023,946.0,74,13.6,,,5,15700.0,5.82
Volkswagen,Petrol,2024,1558.0,110,21.4,,,7,14700.0,19.7
Datsun,Petrol,2022,807.0,82,15.1,,,5,12500.0,8.86
Renault,Petrol,2015,991.0,81,14.3,,,5,21800.0,8.26
Skoda,Petrol,2016,1857.0,129,15.3,,,5,18400.0,18.8
Tata,Petrol,2015,1050.0,59,20.0,,,5,24800.0,4.89
Datsun,Petrol,2015,1081.0,79,20.4,,,5,8600.0,9.56
Datsun,Petrol,2019,1295.0,60,22.4,,,5,23500.0,8.55
Skoda,Petrol,2023,1976.0,111,12.3,,,5,12700.0,13.9
Maruti Suzuki,Petrol,2022,1168.0,94,11.3,,,5,16800.0,8.8
Hyundai,Petrol,2019,1605.0,106,11.9,,,5,14900.0,19.17
Datsun,Petrol,2017,1140.0,68,21.3,,,7,8200.0,8.44
Tata,Petrol,2017,1137.0,84,21.1,,,7,17300.0,7.81
Renault,Petrol,2018,829.0,71,16.3,,,5,16400.0,9.82
Datsun,Petrol,2017,833.0,60,17.3,,,5,10200.0,7.33
Renault,Petrol,2017,1159.0,58,21.0,,,5,19300.0,6.6
Tata,Petrol,2016,850.0,73,14.3,,,5,8500.0,8.93
Skoda,Petrol,2016,1532.0,106,12.4,,,5,19700.0,12.19
Maruti Suzuki,Petrol,2015,846.0,76,14.3,,,5,9400.0,5.24
Kia,Petrol,2024,1602.0,150,18.9,,,5,15900.0,17.44
Volkswagen,Petrol,2017,1998.0,150,20.3,,,5,20700.0,12.08
Tata,Petrol,2023,1093.0,89,19.2,,,7,8300.0,7.67
Tata,Petrol,2018,925.0,79,16.4,,,5,21400.0,9.59
Renault,Petrol,2022,910.0,76,17.7,,,7,10200.0,8.49
Renault,Petrol,2020,1081.0,88,17.8,,,5,8100.0,6.55
Renault,Petrol,2022,1149.0,65,21.2,,,5,8900.0,5.76
Datsun,Petrol,2016,835.0,78,17.6,,,5,22700.0,5.48
Honda,Petrol,2016,1905.0,145,16.7,,,7,16100.0,19.05
Skoda,Petrol,2017,1625.0,120,13.0,,,7,12100.0,13.74
Tata,Petrol,2018,941.0,92,14.6,,,5,8900.0,8.12
Tata,Petrol,2016,1060.0,77,14.8,,,5,9500.0,7.62
Maruti Suzuki,Petrol,2022,1072.0,63,18.0,,,5,13900.0,8.43
Volvo,Petrol,2022,2035.0,209,20.8,,,5,11100.0,54.23
Renault,Petrol,2023,1119.0,83,19.4,,,7,10800.0,6.22
Datsun,Petrol,2018,1138.0,68,14.8,,,5,14700.0,7.65
Volkswagen,Petrol,2015,1990.0,132,13.2,,,5,14700.0,15.69
Skoda,Petrol,2020,1915.0,145,20.9,,,5,20400.0,17.09
Kia,Petrol,2021,1314.0,123,17.1,,,5,10600.0,16.47
Datsun,Petrol,2020,1210.0,87,19.0,,,5,22900.0,5.43
Datsun,Petrol,2018,958.0,90,15.5,,,5,17200.0,7.47
Renault,Petrol,2017,1131.0,56,19.1,,,7,20200.0,4.95
Kia,Petrol,2021,1310.0,132,15.8,,,5,18500.0,13.63
Audi,Petrol,2018,2784.0,256,19.5,,,5,23700.0,47.01
Toyota,Petrol,2020,1903.0,125,11.6,,,5,23900.0,17.49
BMW,Petrol,2018,2613.0,260,10.8,,,5,13600.0,104.44
Hyundai,Petrol,2023,1223.0,69,19.5,,,5,21600.0,7.54
Maruti Suzuki,Petrol,2020,1090.0,79,15.0,,,5,16200.0,9.73
Mercedes-Benz,Petrol,2020,2754.0,267,11.3,,,5,10800.0,103.61
Maruti Suzuki,Petrol,2020,976.0,83,13.6,,,5,19300.0,8.28
Renault,Petrol,2022,1160.0,74,16.8,,,5,13300.0,7.55
Hyundai,Petrol,2015,1178.0,73,11.7,,,5,22200.0,6.52
Honda,Petrol,2020,1889.0,141,15.4,,,5,16400.0,16.86
Kia,Petrol,2017,1563.0,123,14.9,,,5,23300.0,11.2
Honda,Petrol,2016,1386.0,149,20.0,,,7,8500.0,12.14
Hyundai,Petrol,2019,1054.0,62,13.3,,,5,17500.0,5.59
Hyundai,Petrol,2018,1395.0,126,21.1,,,5,11500.0,19.65
Tata,Petrol,2021,806.0,64,20.7,,,7,11100.0,5.67
Kia,Petrol,2019,1381.0,96,14.8,,,5,22000.0,19.98
Renault,Petrol,2023,819.0,59,16.2,,,7,11700.0,7.18
Volvo,Petrol,2021,2392.0,233,18.5,,,5,16200.0,81.26
Honda,Petrol,2020,1851.0,119,17.9,,,5,24700.0,13.62
Skoda,Petrol,2016,1909.0,131,16.5,,,5,17800.0,10.52
Maruti Suzuki,Petrol,2021,964.0,79,12.4,,,5,10300.0,7.93
Mercedes-Benz,Petrol,2023,1967.0,257,14.9,,,5,23500.0,87.32
Renault,Petrol,2015,989.0,56,12.4,,,7,21100.0,5.54
Hyundai,Petrol,2015,1095.0,65,19.3,,,7,17600.0,6.5
Datsun,Petrol,2018,1111.0,87,12.9,,,7,8900.0,6.49
Datsun,Petrol,2016,1290.0,88,12.3,,,5,14000.0,8.07
Datsun,Petrol,2021,1226.0,94,11.9,,,5,21600.0,7.7
Volkswagen,Petrol,2015,1401.0,106,12.4,,,5,19700.0,13.55
Kia,Petrol,2015,1617.0,102,18.2,,,5,18800.0,16.26
Audi,Petrol,2024,2912.0,171,10.9,,,5,8700.0,59.75
Honda,Petrol,2019,1385.0,101,19.0,,,5,23700.0,10.86
Jaguar,Petrol,2021,2393.0,254,14.5,,,5,22100.0,100.86
Hyundai,Petrol,2022,907.0,88,16.0,,,5,9100.0,10.2
Maruti Suzuki,Petrol,2016,803.0,83,16.9,,,5,18500.0,8.22
Hyundai,Petrol,2021,969.0,88,13.2,,,5,24000.0,5.45
Volkswagen,Petrol,2019,1328.0,156,15.7,,,7,22900.0,12.0
Audi,Petrol,2018,2725.0,184,18.3,,,5,8100.0,62.03
Tata,Petrol,2023,1123.0,72,14.3,,,5,24800.0,6.67
Maruti Suzuki,Petrol,2024,1176.0,78,20.0,,,5,9500.0,6.19
Hyundai,Petrol,2021,861.0,67,22.2,,,5,14800.0,10.41
Volkswagen,Petrol,2015,1542.0,151,21.0,,,7,14000.0,12.64
Maruti Suzuki,Petrol,2015,808.0,89,13.0,,,5,16800.0,7.83
Maruti Suzuki,Petrol,2020,1015.0,57,18.3,,,5,17100.0,9.28
Volkswagen,Petrol,2017,1656.0,105,14.0,,,5,23100.0,19.23
Volvo,Petrol,2023,1969.0,168,16.4,,,5,12800.0,65.16
Hyundai,Petrol,2019,1188.0,80,13.6,,,5,23200.0,7.9
Audi,Petrol,2017,2863.0,204,19.0,,,7,19300.0,70.22
Skoda,Petrol,2022,1588.0,100,13.7,,,5,22700.0,16.64
Hyundai,Petrol,2020,1856.0,147,12.6,,,5,23000.0,18.64
Mercedes-Benz,Petrol,2019,2854.0,182,18.4,,,5,8000.0,44.14
Skoda,Petrol,2015,1823.0,133,16.8,,,7,12400.0,12.17
Skoda,Petrol,2023,1974.0,124,21.4,,,5,14700.0,11.54
Datsun,Petrol,2018,1276.0,76,12.0,,,5,10800.0,9.8
Honda,Petrol,2018,1321.0,144,17.7,,,7,20900.0,21.41
Hyundai,Petrol,2017,832.0,60,14.2,,,5,15600.0,6.74
Datsun,Petrol,2023,803.0,71,13.1,,,5,22000.0,5.95
Tata,Petrol,2017,974.0,68,21.8,,,7,8500.0,6.09
Skoda,Petrol,2019,1383.0,100,21.8,,,5,13500.0,18.47
Toyota,Petrol,2022,1462.0,158,14.5,,,5,16000.0,21.51
Kia,Petrol,2022,1729.0,111,19.4,,,5,17000.0,12.06
Datsun,Petrol,2017,1247.0,78,13.3,,,5,16200.0,9.6
Maruti Suzuki,Petrol,2020,1181.0,74,13.7,,,7,9100.0,7.43
Skoda,Petrol,2015,1685.0,105,11.1,,,5,19600.0,19.73
Hyundai,Petrol,2020,1100.0,79,21.2,,,5,16200.0,9.71
Maruti Suzuki,Petrol,2020,875.0,86,17.9,,,7,13900.0,5.35
Toyota,Petrol,2015,1301.0,127,19.8,,,5,14700.0,19.09
Tata,Petrol,2021,973.0,69,18.7,,,7,18800.0,6.29
Volkswagen,Petrol,2023,1308.0,100,18.8,,,7,24100.0,17.92
Kia,Petrol,2018,1617.0,101,17.6,,,5,15700.0,17.2
Honda,Petrol,2020,1999.0,108,17.4,,,7,10700.0,11.59
Audi,Petrol,2022,2970.0,214,19.5,,,5,19200.0,75.33
Tata,Petrol,2019,1253.0,72,22.2,,,5,16400.0,8.45
Hyundai,Petrol,2015,834.0,83,20.4,,,5,22800.0,6.91
Skoda,Petrol,2018,1323.0,114,16.4,,,5,22700.0,17.06
Kia,Petrol,2021,1549.0,128,13.8,,,5,12800.0,19.84
Hyundai,Petrol,2015,1036.0,72,12.7,,,7,14900.0,7.87
Toyota,Petrol,2019,1825.0,96,11.8,,,5,12200.0,12.35
BMW,Petrol,2015,2907.0,161,14.7,,,5,14800.0,45.61
Jaguar,Petrol,2021,2259.0,215,14.8,,,5,23000.0,69.99
Tata,Petrol,2023,892.0,64,16.1,,,7,18000.0,8.95
BMW,Petrol,2023,2375.0,277,15.9,,,5,19300.0,60.85
Maruti Suzuki,Petrol,2020,919.0,82,13.4,,,5,8600.0,9.76
BMW,Petrol,2015,2310.0,196,11.4,,,5,11100.0,92.27
Maruti Suzuki,Petrol,2018,1296.0,68,22.2,,,7,19700.0,8.48
Maruti Suzuki,Petrol,2022,1105.0,83,16.8,,,5,13800.0,10.06
Volkswagen,Petrol,2021,1607.0,144,12.3,,,5,9600.0,13.49
Volkswagen,Petrol,2021,1816.0,141,21.4,,,5,19600.0,18.95
Maruti Suzuki,Petrol,2015,825.0,62,11.7,,,7,21500.0,8.91
BMW,Petrol,2019,2970.0,190,17.4,,,5,9800.0,81.55
Toyota,Petrol,2023,1874.0,127,11.7,,,5,20600.0,15.98
Jaguar,Petrol,2017,2925.0,269,18.2,,,5,22900.0,100.19
Datsun,Petrol,2020,1130.0,55,18.6,,,5,13500.0,5.72
Datsun,Petrol,2015,1202.0,83,17.2,,,5,11900.0,7.06
Hyundai,Petrol,2023,1255.0,68,15.5,,,5,24200.0,8.72
Kia,Petrol,2019,1928.0,120,15.2,,,5,12200.0,11.85
Hyundai,Petrol,2016,1231.0,77,19.1,,,5,8300.0,8.92
Datsun,Petrol,2017,923.0,69,12.0,,,5,16100.0,6.16
Datsun,Petrol,2017,1251.0,81,17.6,,,5,18400.0,9.67
Honda,Petrol,2021,1888.0,98,18.5,,,5,21600.0,19.64
Maruti Suzuki,Petrol,2020,1225.0,90,20.0,,,5,14300.0,7.51
Hyundai,Petrol,2020,1440.0,116,17.4,,,5,11600.0,19.64
Toyota,Petrol,2015,1932.0,136,13.2,,,5,13100.0,19.43
Kia,Petrol,2016,1359.0,133,19.1,,,5,15700.0,17.26
Honda,Petrol,2015,1782.0,127,12.7,,,5,18900.0,12.34
Hyundai,Petrol,2016,1949.0,151,13.5,,,5,19800.0,15.74
Datsun,Petrol,2017,966.0,65,18.0,,,5,17800.0,9.83
Renault,Petrol,2017,1031.0,91,15.5,,,5,11900.0,9.58
Renault,Petrol,2019,1068.0,56,14.4,,,7,19100.0,8.41
Skoda,Petrol,2016,1357.0,97,22.0,,,5,14200.0,11.93
Volvo,Petrol,2019,2461.0,203,11.9,,,5,20800.0,49.73
Tata,Petrol,2015,1245.0,84,14.5,,,7,21500.0,7.07
Jaguar,Petrol,2019,2147.0,274,17.4,,,7,17200.0,56.53
Skoda,Petrol,2021,1383.0,116,20.4,,,5,22000.0,11.92
Toyota,Petrol,2021,1808.0,108,13.8,,,5,14500.0,12.15
Maruti Suzuki,Petrol,2018,1256.0,55,14.5,,,5,18200.0,6.48
Hyundai,Petrol,2019,1705.0,137,14.9,,,7,23800.0,17.08
Tata,Petrol,2024,1228.0,89,20.7,,,5,10400.0,9.31
Maruti Suzuki,Petrol,2016,1198.0,75,13.7,,,5,24600.0,5.02
Honda,Petrol,2015,1552.0,148,17.2,,,5,22100.0,13.57
Hyundai,Petrol,2019,1224.0,60,12.7,,,5,8400.0,5.8
Renault,Petrol,2018,972.0,66,16.2,,,7,22500.0,9.85
Hyundai,Petrol,2017,1053.0,56,15.7,,,5,21300.0,8.08
Tata,Petrol,2022,1181.0,65,14.6,,,5,12100.0,9.29
Maruti Suzuki,Petrol,2015,955.0,61,17.0,,,5,11900.0,8.08
Renault,Petrol,2020,1107.0,83,15.9,,,5,21500.0,8.51
Datsun,Petrol,2020,1282.0,61,20.5,,,5,14600.0,7.83
Audi,Petrol,2019,2204.0,277,17.6,,,5,11200.0,95.52
Skoda,Petrol,2018,1512.0,147,14.6,,,5,17300.0,19.43
Renault,Petrol,2016,1055.0,80,14.8,,,7,19100.0,5.56
Skoda,Petrol,2019,1735.0,123,21.3,,,5,24200.0,15.64
Honda,Petrol,2015,1724.0,95,20.3,,,5,12300.0,17.83
Kia,Petrol,2021,1499.0,143,16.3,,,5,9800.0,18.1
Jaguar,Petrol,2021,2831.0,236,17.5,,,5,21600.0,49.46
Maruti Suzuki,Petrol,2024,932.0,74,16.3,,,7,13900.0,9.53
Hyundai,Petrol,2019,1839.0,145,16.6,,,5,21000.0,12.83
Renault,Petrol,2022,1136.0,85,18.0,,,5,19300.0,9.62
Renault,Petrol,2023,1181.0,58,22.0,,,5,8700.0,9.46
Jaguar,Petrol,2020,2451.0,250,14.8,,,7,20700.0,106.29
Kia,Petrol,2015,1525.0,105,21.2,,,5,9600.0,10.38
Renault,Petrol,2018,1272.0,76,12.6,,,7,16400.0,6.45
Datsun,Petrol,2021,1282.0,86,20.5,,,5,17200.0,7.02
Volkswagen,Petrol,2021,1960.0,102,13.0,,,7,11000.0,18.9
Hyundai,Petrol,2016,1644.0,116,12.0,,,5,20300.0,15.7
Hyundai,Petrol,2019,1706.0,138,17.1,,,7,18400.0,18.81
Datsun,Petrol,2023,829.0,93,19.4,,,5,10700.0,8.69
Honda,Petrol,2022,1560.0,97,13.2,,,7,21600.0,21.73
Tata,Petrol,2016,1204.0,93,15.0,,,5,17200.0,8.06
Toyota,Petrol,2015,1901.0,152,10.6,,,5,24300.0,10.73
Hyundai,Petrol,2022,1199.0,85,16.7,,,5,14300.0,7.04
Renault,Petrol,2024,1193.0,78,15.5,,,5,8000.0,6.7
Tata,Petrol,2018,837.0,58,15.8,,,5,16200.0,5.88
Skoda,Petrol,2018,1635.0,152,11.1,,,7,19500.0,16.92
Kia,Petrol,2017,1359.0,113,11.5,,,5,20700.0,15.46
Jaguar,Petrol,2018,2726.0,259,10.8,,,5,15400.0,76.67
Renault,Petrol,2023,912.0,82,21.4,,,5,10900.0,9.47
Kia,Petrol,2021,1346.0,109,17.2,,,7,11400.0,15.34
Toyota,Petrol,2015,1349.0,97,17.5,,,5,12600.0,10.13
Skoda,Petrol,2024,1862.0,113,20.5,,,5,15800.0,14.32
Datsun,Petrol,2024,873.0,59,12.3,,,5,23400.0,9.23
BMW,Petrol,2023,2411.0,229,18.0,,,7,16000.0,51.72
Renault,Petrol,2021,905.0,84,13.9,,,7,21400.0,5.51
Audi,Petrol,2018,2004.0,229,10.1,,,7,18500.0,48.73
Skoda,Petrol,2021,1495.0,144,11.5,,,5,8400.0,15.84
Kia,Petrol,2019,1771.0,109,11.5,,,7,21400.0,19.91
Skoda,Petrol,2017,1613.0,115,18.8,,,5,17600.0,12.99
Maruti Suzuki,Petrol,2023,1140.0,66,11.6,,,5,11800.0,7.25
Maruti Suzuki,Petrol,2016,880.0,78,15.7,,,5,9200.0,5.49
Honda,Petrol,2019,1909.0,159,20.8,,,7,11700.0,15.8
Hyundai,Petrol,2022,924.0,93,19.7,,,5,21700.0,8.4
Hyundai,Petrol,2018,1118.0,86,17.1,,,7,20900.0,6.43
Skoda,Petrol,2023,1378.0,108,17.1,,,7,21100.0,13.84
Maruti Suzuki,Petrol,2015,1047.0,57,15.7,,,5,9800.0,9.08
Honda,Petrol,2019,1678.0,144,21.2,,,7,11200.0,11.93
Renault,Petrol,2022,1275.0,90,19.9,,,5,11300.0,6.92
Audi,Petrol,2016,2353.0,219,13.3,,,5,14200.0,82.05
Mercedes-Benz,Petrol,2015,1839.0,261,9.8,,,7,23200.0,52.12
Hyundai,Petrol,2020,1912.0,98,20.4,,,5,21700.0,19.11
Honda,Petrol,2016,1874.0,115,12.7,,,5,24700.0,17.57
Hyundai,Petrol,2023,1836.0,97,20.1,,,5,9300.0,16.89
Skoda,Petrol,2016,1775.0,103,12.2,,,7,13300.0,18.33
Renault,Petrol,2016,1163.0,63,20.4,,,7,13700.0,6.59
Datsun,Petrol,2019,955.0,80,15.8,,,5,13900.0,5.67
Tata,Petrol,2020,874.0,77,19.3,,,7,16000.0,8.45
Mercedes-Benz,Petrol,2016,2088.0,243,13.1,,,7,8100.0,86.13
Volkswagen,Petrol,2022,1500.0,114,11.7,,,7,18900.0,13.6
Honda,Petrol,2023,1442.0,157,13.8,,,5,20900.0,12.46
BMW,Petrol,2016,2350.0,168,17.5,,,5,19400.0,83.56
Hyundai,Petrol,2018,1653.0,140,14.8,,,5,14500.0,15.66
Mercedes-Benz,Petrol,2022,2395.0,272,9.6,,,5,12800.0,51.85
Mercedes-Benz,Petrol,2023,2746.0,162,19.6,,,5,24400.0,89.71
Hyundai,Petrol,2022,1935.0,113,18.6,,,5,9200.0,20.73
Maruti Suzuki,Petrol,2023,1119.0,87,20.2,,,5,13100.0,8.05
Maruti Suzuki,Petrol,2016,995.0,58,18.8,,,5,13800.0,9.07
Jaguar,Petrol,2017,2885.0,272,12.2,,,5,22500.0,62.68
Skoda,Petrol,2015,1603.0,114,19.0,,,5,23500.0,12.23
Honda,Petrol,2021,1781.0,159,15.1,,,7,23500.0,11.66
Maruti Suzuki,Petrol,2020,946.0,80,17.9,,,5,15600.0,6.09
Hyundai,Petrol,2018,1431.0,149,14.7,,,5,24500.0,16.34
Tata,Petrol,2020,1146.0,55,12.2,,,5,8000.0,6.48
Tata,Petrol,2024,1082.0,62,22.1,,,5,16000.0,6.72
Volkswagen,Petrol,2022,1590.0,142,17.1,,,5,8100.0,14.54
Hyundai,Petrol,2019,1203.0,87,16.0,,,7,16700.0,6.94
Maruti Suzuki,Petrol,2023,1064.0,78,20.2,,,5,13900.0,5.91
Honda,Petrol,2017,1850.0,107,15.9,,,5,12700.0,17.19
Renault,Petrol,2019,818.0,66,14.2,,,5,13300.0,9.57
Kia,Petrol,2021,1549.0,102,18.9,,,5,9000.0,20.14
Toyota,Petrol,2016,1957.0,127,11.7,,,5,15100.0,14.99
Honda,Petrol,2016,1631.0,109,18.3,,,5,19000.0,17.73
Jaguar,Petrol,2023,2709.0,241,16.3,,,7,10900.0,57.33
Skoda,Petrol,2022,1813.0,132,19.7,,,5,15200.0,20.59
Maruti Suzuki,Petrol,2019,1110.0,69,20.2,,,5,13800.0,5.32
Honda,Petrol,2016,1593.0,122,15.2,,,5,12700.0,14.22
Tata,Petrol,2017,829.0,88,20.6,,,5,20900.0,6.98
Hyundai,Petrol,2023,847.0,86,11.4,,,7,19700.0,7.51
Renault,Petrol,2022,1220.0,61,19.8,,,5,10600.0,6.03
Renault,Petrol,2015,1201.0,82,12.3,,,7,18300.0,4.9
Renault,Petrol,2018,1239.0,66,13.2,,,5,16300.0,7.82
Hyundai,Petrol,2024,866.0,65,11.8,,,5,23700.0,6.18
Hyundai,Petrol,2019,1105.0,60,14.6,,,5,22200.0,8.88
Renault,Petrol,2018,1156.0,89,22.1,,,5,24700.0,9.67
Renault,Petrol,2018,1200.0,86,21.9,,,5,17400.0,6.85
Volkswagen,Petrol,2016,1678.0,145,13.4,,,5,11000.0,14.19
Kia,Petrol,2018,1832.0,138,14.4,,,7,17900.0,19.59
Jaguar,Petrol,2017,2934.0,257,18.0,,,5,23000.0,73.8
Honda,Petrol,2019,1963.0,113,12.5,,,5,16100.0,12.76
Hyundai,Petrol,2020,1363.0,105,12.4,,,5,17300.0,14.47
Renault,Petrol,2017,1224.0,66,16.4,,,7,9600.0,9.73
Volkswagen,Petrol,2021,1994.0,127,15.0,,,5,23600.0,17.28
Maruti Suzuki,Petrol,2017,978.0,68,17.9,,,5,17700.0,7.21
BMW,Petrol,2015,1915.0,204,13.2,,,7,9100.0,65.93
Mercedes-Benz,Petrol,2021,2636.0,172,10.5,,,7,23800.0,100.56
Hyundai,Petrol,2019,853.0,64,15.3,,,5,13700.0,5.76
Volkswagen,Petrol,2016,1356.0,141,18.0,,,5,9500.0,20.75
Hyundai,Petrol,2015,864.0,90,11.9,,,5,20800.0,9.0
Honda,Petrol,2016,1426.0,95,12.2,,,5,16300.0,18.46
Renault,Petrol,2017,1213.0,85,17.2,,,5,21700.0,5.36
Audi,Petrol,2020,1844.0,220,13.1,,,7,9900.0,51.86
Kia,Petrol,2024,1955.0,154,14.9,,,5,11600.0,13.5
Mercedes-Benz,Petrol,2021,2703.0,246,19.5,,,5,17900.0,104.33
Honda,Petrol,2019,1532.0,124,13.1,,,5,19000.0,21.22
Maruti Suzuki,Petrol,2024,982.0,77,17.7,,,7,17400.0,10.27
Toyota,Petrol,2018,1313.0,144,13.9,,,5,17400.0,18.44
Skoda,Petrol,2021,1358.0,102,12.7,,,5,10300.0,13.74
Hyundai,Petrol,2024,1860.0,151,19.1,,,5,12700.0,11.76
Toyota,Petrol,2023,1689.0,138,14.6,,,5,17600.0,19.97
Volvo,Petrol,2017,2411.0,241,19.6,,,7,23900.0,96.04
Honda,Petrol,2023,1997.0,123,18.5,,,5,10400.0,15.71
Hyundai,Petrol,2015,812.0,91,18.5,,,5,13100.0,9.65
Hyundai,Petrol,2015,1010.0,66,15.3,,,7,14500.0,9.59
Mercedes-Benz,Petrol,2021,2026.0,267,17.8,,,5,17400.0,48.52
Tata,Petrol,2020,815.0,63,21.1,,,5,21500.0,8.52
Skoda,Petrol,2021,1461.0,103,12.4,,,5,13400.0,12.3
Skoda,Petrol,2018,1839.0,148,11.5,,,5,14300.0,12.95
Tata,Petrol,2019,852.0,64,21.4,,,5,8300.0,5.15
Tata,Petrol,2020,962.0,79,17.1,,,5,12500.0,9.06
Honda,Petrol,2015,1677.0,154,13.9,,,7,12500.0,14.52
Renault,Petrol,2019,985.0,66,12.2,,,5,21700.0,5.72
Datsun,Petrol,2021,952.0,87,15.0,,,5,17700.0,9.27
Skoda,Petrol,2017,1783.0,101,11.2,,,5,22100.0,19.18
Skoda,Petrol,2017,1513.0,153,18.3,,,5,12200.0,13.93
Renault,Petrol,2022,1270.0,80,21.6,,,5,17000.0,8.5
Hyundai,Petrol,2023,1442.0,126,13.0,,,5,11300.0,12.21
Tata,Petrol,2017,824.0,64,13.0,,,5,17000.0,6.49
Volvo,Petrol,2018,2290.0,224,13.5,,,5,16000.0,64.64
BMW,Petrol,2016,2485.0,273,9.4,,,7,11900.0,85.35
Maruti Suzuki,Petrol,2024,1233.0,92,18.6,,,5,18600.0,8.53
Audi,Petrol,2017,2513.0,205,11.8,,,5,16200.0,67.61
Volvo,Petrol,2016,2984.0,240,19.0,,,7,19200.0,99.62
Renault,Petrol,2019,1154.0,80,16.0,,,5,11000.0,7.84
Tata,Petrol,2017,953.0,60,19.5,,,5,24000.0,5.85
Jaguar,Petrol,2022,2647.0,225,11.5,,,7,21100.0,106.28
Maruti Suzuki,Petrol,2018,1226.0,93,17.3,,,5,22500.0,9.16
Skoda,Petrol,2024,1373.0,130,19.6,,,5,11800.0,15.66
Tata,Petrol,2020,854.0,62,16.1,,,5,14800.0,9.29
Jaguar,Petrol,2022,1809.0,259,20.3,,,5,24900.0,66.78
Datsun,Petrol,2019,1126.0,57,11.8,,,5,24200.0,7.02
Volkswagen,Petrol,2018,1316.0,112,17.2,,,5,19200.0,20.84
Tata,Petrol,2024,953.0,74,20.5,,,5,8700.0,6.04
Maruti Suzuki,Petrol,2023,1077.0,88,21.6,,,5,20200.0,9.21
Skoda,Petrol,2021,1398.0,120,20.6,,,5,22400.0,20.21
Renault,Petrol,2018,1078.0,74,13.5,,,7,11200.0,7.56
Renault,Petrol,2017,1293.0,81,16.8,,,5,9600.0,5.36
Skoda,Petrol,2018,1463.0,118,12.5,,,5,15900.0,14.22
Renault,Petrol,2019,1078.0,59,19.8,,,5,18000.0,7.03
Datsun,Petrol,2021,1112.0,64,14.7,,,5,15400.0,6.27
Volvo,Petrol,2018,2643.0,197,18.2,,,5,20900.0,84.97
Volkswagen,Petrol,2023,1836.0,121,14.9,,,5,25000.0,14.37
Datsun,Petrol,2021,1109.0,75,17.2,,,5,8400.0,6.06
Maruti Suzuki,Petrol,2020,1264.0,65,14.3,,,7,24100.0,8.39
Hyundai,Petrol,2017,1401.0,159,14.5,,,5,15600.0,18.36
Hyundai,Petrol,2024,997.0,55,19.5,,,5,13900.0,6.05
Maruti Suzuki,Petrol,2020,1276.0,63,18.7,,,5,22600.0,6.92
Kia,Petrol,2015,1474.0,149,14.7,,,5,16600.0,16.02
Renault,Petrol,2017,1201.0,73,11.4,,,5,18500.0,8.86
Kia,Petrol,2023,1614.0,123,16.6,,,7,8900.0,20.57
Hyundai,Petrol,2017,1635.0,100,21.5,,,7,10200.0,11.41
Volvo,Petrol,2016,2918.0,227,19.3,,,5,16500.0,78.62
Hyundai,Petrol,2017,913.0,70,11.4,,,7,10800.0,9.83
Renault,Petrol,2015,925.0,65,21.6,,,5,20500.0,5.71
Hyundai,Petrol,2016,832.0,73,13.5,,,5,24100.0,8.22
Volkswagen,Petrol,2020,1690.0,108,17.5,,,7,12700.0,19.09
Tata,Petrol,2024,1160.0,62,13.4,,,5,17300.0,5.79
BMW,Petrol,2015,2905.0,249,13.3,,,7,9300.0,76.44
Toyota,Petrol,2022,1644.0,129,17.9,,,5,10400.0,14.24
Hyundai,Petrol,2020,1968.0,114,18.5,,,5,18600.0,13.98
Volkswagen,Petrol,2020,1608.0,128,13.5,,,5,15700.0,18.59
Volkswagen,Petrol,2018,1742.0,153,20.9,,,5,15600.0,17.33
Hyundai,Petrol,2022,1961.0,145,17.0,,,5,14400.0,21.44
Maruti Suzuki,Petrol,2023,1168.0,58,16.4,,,5,11700.0,10.32
Volkswagen,Petrol,2020,1917.0,126,11.9,,,5,20600.0,18.22
Renault,Petrol,2018,1140.0,79,16.0,,,5,15500.0,7.28
Volvo,Petrol,2018,1842.0,200,12.2,,,5,11400.0,57.55
Volvo,Petrol,2019,2870.0,222,10.6,,,5,9100.0,66.09
Hyundai,Petrol,2016,1117.0,87,15.2,,,5,22300.0,8.31
Hyundai,Petrol,2022,1463.0,153,12.7,,,5,16700.0,14.72
Hyundai,Petrol,2024,1037.0,62,16.1,,,5,17900.0,5.8
Honda,Petrol,2022,1993.0,131,19.4,,,5,18700.0,18.74
Renault,Petrol,2019,1029.0,94,19.7,,,5,22000.0,7.53
Hyundai,Petrol,2021,985.0,67,11.9,,,5,8500.0,6.81
Maruti Suzuki,Petrol,2016,1110.0,57,15.9,,,5,10700.0,6.81
Datsun,Petrol,2016,1296.0,64,21.1,,,5,22100.0,9.44
Renault,Petrol,2022,868.0,55,17.5,,,5,14100.0,6.87
Renault,Petrol,2021,1143.0,79,21.7,,,7,18700.0,9.68
Tata,Petrol,2019,1094.0,70,21.2,,,5,17400.0,9.58
Volkswagen,Petrol,2015,1724.0,99,14.8,,,7,20700.0,16.59
Maruti Suzuki,Petrol,2018,1084.0,91,13.6,,,5,15300.0,7.24
Skoda,Petrol,2020,1749.0,100,17.0,,,5,8300.0,19.04
Tata,Petrol,2017,1298.0,68,13.8,,,5,11600.0,5.55
Hyundai,Petrol,2022,917.0,69,18.1,,,5,15100.0,9.3
Honda,Petrol,2015,1318.0,134,12.9,,,5,15000.0,17.37
Audi,Petrol,2015,1892.0,207,15.4,,,5,13700.0,93.58
Tata,Petrol,2024,816.0,61,21.2,,,5,21100.0,6.04
BMW,Petrol,2017,2328.0,202,16.1,,,5,11800.0,47.18
Honda,Petrol,2023,1967.0,150,20.1,,,5,16200.0,21.28
Maruti Suzuki,Petrol,2017,998.0,68,20.7,,,5,16200.0,7.48
Maruti Suzuki,Petrol,2016,1031.0,72,12.0,,,5,16100.0,9.31
Renault,Petrol,2015,1134.0,82,12.0,,,5,16700.0,7.53
Volvo,Petrol,2017,2020.0,265,10.1,,,5,14300.0,64.43
Renault,Petrol,2016,859.0,65,18.6,,,5,14300.0,8.06
Toyota,Petrol,2022,1616.0,142,15.3,,,5,21300.0,12.11
Toyota,Petrol,2021,1799.0,158,17.7,,,5,23100.0,19.46
Honda,Petrol,2024,1699.0,97,20.8,,,5,17200.0,16.06
Kia,Petrol,2020,1981.0,155,14.7,,,7,13300.0,19.18
Hyundai,Petrol,2024,1185.0,84,16.7,,,5,17500.0,10.35
Toyota,Petrol,2015,1695.0,117,13.8,,,5,17100.0,16.68
Hyundai,Petrol,2019,1521.0,155,18.1,,,5,19100.0,14.59
Toyota,Petrol,2021,1736.0,98,13.1,,,7,21200.0,15.74
Honda,Petrol,2020,1839.0,102,11.4,,,5,23100.0,10.99
Kia,Petrol,2020,1419.0,140,15.3,,,5,23100.0,18.38
Datsun,Petrol,2016,1254.0,94,20.4,,,5,21800.0,8.33
Volkswagen,Petrol,2024,1987.0,121,10.9,,,5,12100.0,22.89
Datsun,Petrol,2019,1068.0,89,19.7,,,5,8200.0,5.31
Datsun,Petrol,2022,1090.0,76,18.1,,,7,13300.0,5.43
Hyundai,Petrol,2019,1241.0,89,20.6,,,5,14600.0,10.07
Datsun,Petrol,2024,1182.0,73,12.8,,,5,11900.0,7.9
Hyundai,Petrol,2019,1921.0,149,21.5,,,7,16400.0,17.74
Audi,Petrol,2016,2837.0,234,13.6,,,5,14300.0,97.34
Jaguar,Petrol,2023,2739.0,164,17.5,,,5,17400.0,48.82
Kia,Petrol,2020,1492.0,109,15.9,,,5,15700.0,12.92
Audi,Petrol,2022,2233.0,271,18.1,,,5,23500.0,50.73
Toyota,Petrol,2019,1393.0,107,20.1,,,5,23700.0,12.18
Kia,Petrol,2022,1449.0,114,13.4,,,5,18300.0,11.43
Mercedes-Benz,Petrol,2022,2318.0,239,11.8,,,5,21600.0,101.09
BMW,Petrol,2024,2730.0,210,17.5,,,5,24500.0,49.92
Datsun,Petrol,2019,1021.0,74,22.0,,,5,19400.0,6.9
Jaguar,Petrol,2021,2293.0,170,12.6,,,5,16100.0,89.94
Tata,Petrol,2017,1215.0,69,22.1,,,5,24500.0,5.68
Hyundai,Petrol,2022,909.0,62,12.8,,,5,14200.0,6.44
Datsun,Petrol,2020,1279.0,90,21.0,,,5,13800.0,6.38
Audi,Petrol,2019,1830.0,278,14.5,,,5,16600.0,90.49
Hyundai,Petrol,2021,1227.0,77,22.1,,,5,22000.0,5.72
Tata,Petrol,2016,1064.0,76,18.6,,,7,19300.0,8.48
Datsun,Petrol,2018,1136.0,86,11.3,,,5,16300.0,9.65
Kia,Petrol,2021,1727.0,132,12.0,,,7,14900.0,20.41
Renault,Petrol,2022,986.0,79,13.4,,,5,21900.0,8.12
Skoda,Petrol,2018,1487.0,108,21.6,,,7,14300.0,17.14
Volkswagen,Petrol,2019,1490.0,132,13.7,,,7,16300.0,20.03
Datsun,Petrol,2023,1221.0,62,20.0,,,7,21600.0,8.34
Hyundai,Petrol,2019,875.0,85,13.1,,,5,8400.0,8.14
Datsun,Petrol,2020,1049.0,74,19.5,,,5,22800.0,6.49
Kia,Petrol,2015,1799.0,148,14.4,,,5,13000.0,13.07
Hyundai,Petrol,2022,908.0,77,21.4,,,5,23400.0,6.92
Maruti Suzuki,Petrol,2021,955.0,79,16.6,,,5,16700.0,9.01
Skoda,Petrol,2019,1907.0,107,11.4,,,5,16700.0,17.68
Honda,Petrol,2018,1479.0,147,13.6,,,5,15400.0,11.33
Honda,Petrol,2015,1343.0,103,19.5,,,5,18300.0,13.26
Renault,Petrol,2017,1120.0,94,19.3,,,5,19100.0,6.08
Tata,Petrol,2021,1020.0,75,21.5,,,5,9100.0,8.26
Hyundai,Petrol,2017,1109.0,62,16.0,,,7,8500.0,8.74
Mercedes-Benz,Petrol,2020,2670.0,187,17.6,,,5,13000.0,78.96
Skoda,Petrol,2024,1670.0,143,15.6,,,5,20200.0,14.96
Kia,Petrol,2022,1793.0,152,13.9,,,7,12400.0,14.64
Maruti Suzuki,Petrol,2016,1246.0,66,21.6,,,7,10800.0,5.77
Renault,Petrol,2023,1086.0,78,21.3,,,5,12200.0,7.29
Tata,Petrol,2022,872.0,80,17.6,,,5,13000.0,8.85
Hyundai,Petrol,2023,1263.0,69,18.6,,,5,20200.0,7.88
Audi,Petrol,2021,2651.0,171,13.6,,,7,12600.0,96.89
Hyundai,Petrol,2015,1177.0,75,20.3,,,5,20500.0,6.92
Volkswagen,Petrol,2023,1442.0,146,12.3,,,5,14600.0,20.03
Hyundai,Petrol,2016,911.0,77,12.4,,,5,17600.0,8.16
Hyundai,Petrol,2015,1851.0,104,11.9,,,5,21600.0,13.18
Datsun,Petrol,2020,980.0,91,13.5,,,5,23200.0,5.9
Kia,Petrol,2021,1329.0,105,12.8,,,5,20700.0,16.61
Skoda,Petrol,2016,1737.0,152,11.0,,,7,8500.0,15.06
Volkswagen,Petrol,2024,1851.0,95,15.0,,,5,20700.0,14.01
Hyundai,Petrol,2015,1292.0,70,14.9,,,5,10700.0,6.56
Volkswagen,Petrol,2022,1728.0,100,19.9,,,5,21000.0,17.13
Skoda,Petrol,2020,1974.0,154,11.3,,,5,17000.0,12.49
Datsun,Petrol,2016,1273.0,74,21.9,,,5,23800.0,6.13
Kia,Petrol,2017,1698.0,113,11.7,,,5,11900.0,18.3
Toyota,Petrol,2015,1731.0,138,20.5,,,5,9800.0,18.59
Datsun,Petrol,2018,1253.0,68,17.4,,,7,22100.0,6.42
Datsun,Petrol,2016,1145.0,82,17.3,,,5,13400.0,7.5
BMW,Petrol,2017,2761.0,167,14.5,,,5,18700.0,44.79
Tata,Petrol,2019,1029.0,72,16.0,,,7,15500.0,5.33
Jaguar,Petrol,2018,2149.0,165,18.8,,,5,12300.0,94.28
Toyota,Petrol,2017,1907.0,100,20.1,,,5,24600.0,13.51
Volvo,Petrol,2020,2648.0,200,19.0,,,5,24100.0,57.39
Hyundai,Petrol,2021,1260.0,57,16.5,,,5,10000.0,10.36
Audi,Petrol,2018,2906.0,206,16.0,,,5,21200.0,67.92
Maruti Suzuki,Petrol,2024,873.0,68,15.1,,,5,8300.0,9.41
Kia,Petrol,2019,1347.0,104,20.1,,,5,13200.0,12.99
Tata,Petrol,2015,1131.0,72,11.4,,,5,8500.0,5.07
Volkswagen,Petrol,2024,1663.0,141,17.1,,,5,17600.0,14.54
Tata,Petrol,2022,1114.0,81,21.1,,,5,16700.0,9.19
Renault,Petrol,2015,811.0,67,13.8,,,5,11800.0,8.8
Skoda,Petrol,2019,1389.0,130,11.6,,,7,13600.0,15.63
Kia,Petrol,2018,1423.0,131,18.3,,,7,10700.0,18.38
Skoda,Petrol,2018,1326.0,149,18.6,,,5,14100.0,12.47
Tata,Petrol,2017,1252.0,90,18.8,,,5,12200.0,8.01
Volvo,Petrol,2018,2333.0,211,11.2,,,5,15000.0,95.3
Maruti Suzuki,Petrol,2016,947.0,63,15.7,,,7,19200.0,7.5
Volkswagen,Petrol,2023,1599.0,128,12.4,,,5,10000.0,11.71
Hyundai,Petrol,2017,1240.0,75,22.1,,,7,18500.0,9.3
Tata,Petrol,2021,993.0,78,21.5,,,5,12700.0,8.27
Datsun,Petrol,2016,803.0,61,14.2,,,5,23100.0,4.92
BMW,Petrol,2021,2358.0,251,12.3,,,7,16700.0,95.64
Hyundai,Petrol,2017,1095.0,65,18.8,,,5,24000.0,9.12
Toyota,Petrol,2020,1615.0,148,12.1,,,7,11800.0,15.87
Honda,Petrol,2020,1660.0,136,12.1,,,5,10100.0,13.75
Hyundai,Petrol,2023,1852.0,128,20.9,,,7,10100.0,13.46
Tata,Petrol,2021,1151.0,88,18.1,,,5,19400.0,9.83
Volkswagen,Petrol,2016,1685.0,125,11.3,,,7,18100.0,18.56
Datsun,Petrol,2022,1193.0,68,15.1,,,7,22700.0,9.77
Renault,Petrol,2018,972.0,90,17.8,,,7,19500.0,8.85
Toyota,Petrol,2019,1593.0,117,18.1,,,7,10200.0,10.67
Renault,Petrol,2021,1199.0,71,12.7,,,5,9600.0,8.75
Kia,Petrol,2018,1909.0,99,18.1,,,7,21300.0,11.41
Maruti Suzuki,Petrol,2017,1044.0,85,12.8,,,5,17200.0,6.65
Mercedes-Benz,Petrol,2020,2090.0,164,19.3,,,5,14500.0,72.76
Kia,Petrol,2021,1900.0,95,11.9,,,5,24800.0,14.12
Datsun,Petrol,2018,853.0,80,17.6,,,5,13400.0,5.41
Maruti Suzuki,Petrol,2020,1136.0,56,18.0,,,7,10300.0,8.54
Hyundai,Petrol,2018,1774.0,114,15.5,,,5,20400.0,18.37
Skoda,Petrol,2018,1487.0,151,15.9,,,5,22400.0,13.91
Renault,Petrol,2024,999.0,80,14.5,,,5,17200.0,6.11
Hyundai,Petrol,2021,1039.0,93,13.6,,,5,13000.0,10.59
Audi,Petrol,2018,2226.0,178,13.6,,,5,10600.0,81.27
Mercedes-Benz,Petrol,2021,1851.0,277,16.3,,,5,24900.0,104.69
Volkswagen,Petrol,2019,1951.0,137,10.9,,,7,23700.0,21.06
Jaguar,Petrol,2020,1917.0,213,16.8,,,7,20900.0,65.08
Hyundai,Petrol,2016,1147.0,77,17.7,,,5,13900.0,8.81
Skoda,Petrol,2017,1766.0,130,17.9,,,5,9800.0,12.21
Renault,Petrol,2023,892.0,69,15.9,,,5,18400.0,7.82
Volkswagen,Petrol,2023,1543.0,132,21.0,,,5,10300.0,16.61
Tata,Petrol,2016,937.0,61,15.8,,,7,13100.0,7.39
Renault,Petrol,2020,1217.0,58,12.1,,,5,8700.0,8.88
Datsun,Petrol,2017,1090.0,62,14.6,,,7,9300.0,6.62
Volkswagen,Petrol,2017,1676.0,112,12.5,,,5,14300.0,12.08
Volkswagen,Petrol,2020,1338.0,98,16.3,,,7,23600.0,12.76
Tata,Petrol,2024,980.0,61,22.3,,,5,11000.0,9.1
Volkswagen,Petrol,2019,1318.0,112,11.0,,,5,16200.0,16.77
Volkswagen,Petrol,2019,1454.0,133,10.8,,,5,12800.0,21.43
Tata,Petrol,2020,979.0,93,12.5,,,5,23300.0,7.3
Datsun,Petrol,2024,985.0,87,16.0,,,5,18000.0,10.19
Datsun,Petrol,2020,1271.0,76,16.4,,,5,18200.0,6.34
Renault,Petrol,2015,1023.0,82,17.5,,,5,21900.0,4.94
Skoda,Petrol,2024,1853.0,147,16.5,,,5,9400.0,17.85
Hyundai,Petrol,2017,1138.0,64,11.9,,,5,22500.0,5.93
Mercedes-Benz,Petrol,2018,2703.0,167,15.5,,,5,9100.0,88.73
Datsun,Petrol,2019,994.0,63,11.9,,,5,21200.0,7.9
Volkswagen,Petrol,2022,1707.0,138,13.9,,,5,23900.0,11.83
Volvo,Petrol,2020,2736.0,195,17.6,,,5,8800.0,65.67
Mercedes-Benz,Petrol,2023,2457.0,218,10.4,,,7,15000.0,48.0
Renault,Petrol,2023,1019.0,87,12.2,,,5,24500.0,5.6
Volkswagen,Petrol,2018,1728.0,107,12.9,,,5,11500.0,12.18
Skoda,Petrol,2016,1669.0,141,17.5,,,5,21300.0,20.04
Jaguar,Petrol,2022,2337.0,269,13.7,,,5,20600.0,109.76
Volkswagen,Petrol,2015,1574.0,149,19.7,,,5,9200.0,13.16
Datsun,Petrol,2017,1209.0,89,16.2,,,5,14800.0,5.75
Volkswagen,Petrol,2017,1961.0,110,15.3,,,5,8200.0,16.8
Volkswagen,Petrol,2023,1384.0,120,15.3,,,5,14000.0,21.53
Hyundai,Petrol,2016,1651.0,124,17.1,,,5,19200.0,19.91
Hyundai,Petrol,2022,1100.0,72,14.1,,,5,21300.0,5.7
Volkswagen,Diesel,2023,1846.0,108,24.7,,,5,20300.0,23.82
Maruti Suzuki,Diesel,2015,1347.0,74,23.7,,,5,15800.0,11.39
Hyundai,Diesel,2016,1448.0,98,26.5,,,7,21500.0,10.93
Hyundai,Diesel,2022,1345.0,86,21.5,,,5,22800.0,9.75
Maruti Suzuki,Diesel,2016,1325.0,80,22.9,,,7,18600.0,10.03
Hyundai,Diesel,2016,2140.0,141,17.0,,,7,14900.0,15.04
Datsun,Diesel,2020,1244.0,75,22.8,,,7,13500.0,10.58
Toyota,Diesel,2018,2041.0,117,19.3,,,7,10300.0,16.48
Honda,Diesel,2015,2120.0,108,15.3,,,7,21100.0,15.77
Skoda,Diesel,2018,1578.0,117,27.0,,,5,14200.0,24.21
Hyundai,Diesel,2019,1390.0,83,15.3,,,5,12800.0,7.76
Jaguar,Diesel,2022,2267.0,216,14.7,,,7,16300.0,69.81
Skoda,Diesel,2017,1650.0,128,25.6,,,7,23800.0,16.66
Volvo,Diesel,2023,2182.0,260,22.6,,,7,22600.0,69.32
Hyundai,Diesel,2019,2197.0,174,17.3,,,7,10100.0,22.52
Volkswagen,Diesel,2021,1643.0,167,23.8,,,5,13700.0,25.12
Mercedes-Benz,Diesel,2020,2304.0,268,15.1,,,7,11600.0,116.08
Hyundai,Diesel,2021,2053.0,116,25.3,,,5,15500.0,17.43
Audi,Diesel,2023,2214.0,185,15.1,,,5,22900.0,98.38
Hyundai,Diesel,2020,1981.0,127,15.0,,,7,29000.0,24.02
Hyundai,Diesel,2020,1378.0,89,25.6,,,5,29700.0,9.13
Volkswagen,Diesel,2022,1534.0,102,25.5,,,5,19500.0,15.66
Volvo,Diesel,2024,2086.0,220,20.8,,,5,18000.0,112.2
Hyundai,Diesel,2017,1882.0,147,23.3,,,5,18000.0,23.77
Skoda,Diesel,2022,1816.0,130,16.6,,,5,18200.0,15.69
Mercedes-Benz,Diesel,2022,2270.0,229,22.4,,,5,28800.0,97.19
Datsun,Diesel,2015,1455.0,99,15.8,,,7,17100.0,11.65
Tata,Diesel,2021,1281.0,91,21.3,,,5,18300.0,10.21
Hyundai,Diesel,2022,1408.0,74,21.7,,,7,18400.0,11.26
Hyundai,Diesel,2015,1984.0,115,16.7,,,7,15100.0,22.73
Skoda,Diesel,2023,1981.0,105,20.3,,,7,10000.0,17.86
Skoda,Diesel,2023,1987.0,172,15.8,,,7,28300.0,20.48
Audi,Diesel,2015,2438.0,208,23.0,,,5,14600.0,55.59
Kia,Diesel,2015,1759.0,126,23.6,,,5,25000.0,17.03
Audi,Diesel,2022,2598.0,293,21.1,,,7,26000.0,70.71
Datsun,Diesel,2015,1370.0,76,25.7,,,7,23400.0,10.94
Tata,Diesel,2016,1395.0,72,27.2,,,7,15600.0,11.03
Kia,Diesel,2019,1993.0,148,21.2,,,5,10100.0,24.86
Hyundai,Diesel,2018,2195.0,150,24.7,,,5,29800.0,13.46
BMW,Diesel,2020,2535.0,226,20.8,,,7,14500.0,64.9
Skoda,Diesel,2017,2033.0,174,18.5,,,5,26800.0,25.34
Tata,Diesel,2021,1446.0,95,17.2,,,5,28300.0,9.36
Hyundai,Diesel,2016,2068.0,143,17.1,,,7,27300.0,13.03
Maruti Suzuki,Diesel,2019,1378.0,70,17.1,,,7,27100.0,8.63
Renault,Diesel,2015,1264.0,73,25.2,,,7,29600.0,11.49
Kia,Diesel,2021,1661.0,145,21.9,,,5,13400.0,26.81
Datsun,Diesel,2023,1339.0,75,23.1,,,5,12400.0,11.37
Hyundai,Diesel,2021,1544.0,122,18.1,,,7,17000.0,26.24
Datsun,Diesel,2016,1254.0,96,24.4,,,5,20200.0,11.98
Volkswagen,Diesel,2021,1653.0,134,22.5,,,5,28800.0,22.13
Mercedes-Benz,Diesel,2021,2313.0,211,24.1,,,5,16300.0,98.77
Toyota,Diesel,2015,2082.0,129,20.0,,,7,14700.0,22.53
Renault,Diesel,2015,1255.0,85,17.6,,,7,26000.0,10.45
Renault,Diesel,2023,1313.0,76,23.6,,,5,11400.0,10.07
Hyundai,Diesel,2019,1573.0,124,19.6,,,5,20900.0,21.1
Maruti Suzuki,Diesel,2016,1344.0,93,20.0,,,7,12500.0,11.76
Maruti Suzuki,Diesel,2022,1472.0,90,23.8,,,5,20900.0,10.92
Audi,Diesel,2018,2876.0,196,25.4,,,5,14000.0,62.21
Jaguar,Diesel,2018,2734.0,183,21.5,,,7,27600.0,108.3
Hyundai,Diesel,2017,1470.0,97,16.2,,,5,18500.0,8.5
Renault,Diesel,2024,1380.0,72,22.0,,,7,25200.0,9.83
Mercedes-Benz,Diesel,2017,2874.0,228,25.9,,,7,28800.0,104.25
Volkswagen,Diesel,2015,1907.0,160,15.3,,,5,11300.0,22.26
Skoda,Diesel,2021,1986.0,105,24.1,,,7,12300.0,21.66
Honda,Diesel,2017,2037.0,144,26.4,,,5,17900.0,17.89
Kia,Diesel,2015,1785.0,148,23.3,,,7,23600.0,23.97
Skoda,Diesel,2021,2077.0,172,19.2,,,7,21000.0,19.08
Hyundai,Diesel,2022,1245.0,72,24.6,,,7,18400.0,10.32
Renault,Diesel,2018,1437.0,75,16.8,,,7,26800.0,9.82
Skoda,Diesel,2017,1550.0,170,18.7,,,7,27000.0,20.62
Hyundai,Diesel,2017,1268.0,80,17.3,,,7,25800.0,8.6
Hyundai,Diesel,2019,1292.0,75,24.4,,,5,21200.0,8.49
Jaguar,Diesel,2024,2546.0,298,24.7,,,7,11900.0,129.14
Toyota,Diesel,2017,2133.0,116,20.8,,,7,22000.0,14.18
Tata,Diesel,2016,1284.0,91,24.0,,,5,12400.0,11.67
Volkswagen,Diesel,2023,1891.0,150,22.0,,,5,18200.0,21.07
Renault,Diesel,2022,1427.0,79,24.6,,,5,18700.0,12.11
Volkswagen,Diesel,2018,2160.0,149,25.8,,,7,15800.0,14.13
Volkswagen,Diesel,2024,1745.0,160,25.7,,,5,11000.0,21.36
Volkswagen,Diesel,2019,2062.0,109,21.3,,,5,15600.0,21.63
Honda,Diesel,2023,1942.0,117,20.5,,,7,14800.0,14.79
Maruti Suzuki,Diesel,2024,1379.0,79,20.9,,,7,10700.0,8.3
Datsun,Diesel,2019,1486.0,76,18.4,,,7,18400.0,9.66
Hyundai,Diesel,2022,1445.0,87,22.7,,,5,17300.0,9.6
Renault,Diesel,2024,1376.0,80,25.7,,,7,15700.0,12.76
Toyota,Diesel,2020,1709.0,118,17.1,,,7,28500.0,15.88
Tata,Diesel,2020,1256.0,85,18.3,,,5,14400.0,10.79
Toyota,Diesel,2016,1749.0,175,19.1,,,5,23900.0,25.01
Tata,Diesel,2022,1287.0,81,24.3,,,5,18100.0,8.44
Jaguar,Diesel,2023,2458.0,253,15.5,,,5,26900.0,106.6
Kia,Diesel,2019,1915.0,114,19.5,,,7,14500.0,15.38
Skoda,Diesel,2018,2162.0,139,24.9,,,7,10400.0,15.79
Renault,Diesel,2015,1289.0,74,16.4,,,7,18100.0,8.44
Kia,Diesel,2016,1811.0,168,23.6,,,5,19800.0,25.78
Mercedes-Benz,Diesel,2015,2041.0,217,16.8,,,5,25300.0,65.45
Audi,Diesel,2019,2682.0,194,19.2,,,5,15700.0,97.36
Renault,Diesel,2016,1491.0,94,24.8,,,7,22800.0,9.24
Mercedes-Benz,Diesel,2016,2930.0,242,23.1,,,7,19800.0,91.62
Tata,Diesel,2018,1406.0,97,18.8,,,5,17400.0,8.63
Honda,Diesel,2020,1867.0,134,16.7,,,5,16800.0,21.15
Kia,Diesel,2021,1932.0,158,17.8,,,5,23800.0,19.59
Hyundai,Diesel,2024,2109.0,154,21.7,,,7,24300.0,27.52
Volkswagen,Diesel,2020,1919.0,166,25.0,,,5,19600.0,23.4
Datsun,Diesel,2021,1395.0,81,17.2,,,7,11100.0,8.74
Jaguar,Diesel,2019,2916.0,258,24.1,,,5,22300.0,86.86
Renault,Diesel,2023,1218.0,82,17.3,,,7,17500.0,8.98
Audi,Diesel,2021,2991.0,221,24.9,,,5,15100.0,75.14
Hyundai,Diesel,2015,1904.0,107,18.5,,,5,25300.0,13.69
Maruti Suzuki,Diesel,2018,1268.0,95,22.5,,,5,19100.0,8.13
Tata,Diesel,2015,1360.0,82,22.1,,,7,20700.0,10.74
Toyota,Diesel,2021,1594.0,105,19.2,,,5,28900.0,25.29
Renault,Diesel,2022,1381.0,94,20.9,,,7,15700.0,13.07
Maruti Suzuki,Diesel,2019,1392.0,82,20.0,,,7,13100.0,7.74
Volkswagen,Diesel,2016,1554.0,151,18.4,,,7,24300.0,14.33
Skoda,Diesel,2016,1996.0,172,25.8,,,7,11800.0,13.17
Tata,Diesel,2016,1475.0,78,20.7,,,7,25000.0,7.18
Tata,Diesel,2021,1445.0,96,20.1,,,5,11100.0,9.04
Renault,Diesel,2018,1395.0,93,21.8,,,5,15900.0,7.73
Hyundai,Diesel,2022,1467.0,87,25.1,,,7,17700.0,9.81
Renault,Diesel,2017,1464.0,84,22.2,,,7,16800.0,7.42
Skoda,Diesel,2021,1932.0,100,21.3,,,5,26900.0,16.3
Renault,Diesel,2016,1217.0,96,25.6,,,5,28500.0,7.93
Kia,Diesel,2023,1901.0,137,25.3,,,5,12500.0,17.68
Toyota,Diesel,2018,1888.0,113,25.1,,,7,18900.0,17.25
Hyundai,Diesel,2018,1405.0,91,18.0,,,7,11000.0,8.78
Honda,Diesel,2024,1634.0,156,18.5,,,5,10100.0,15.12
Toyota,Diesel,2024,1949.0,173,24.0,,,7,23600.0,22.3
Kia,Diesel,2020,2002.0,133,26.7,,,7,14200.0,14.26
Audi,Diesel,2017,2356.0,293,15.2,,,5,12400.0,73.89
Datsun,Diesel,2022,1375.0,86,25.8,,,5,15800.0,11.15
Hyundai,Diesel,2022,1418.0,82,25.7,,,7,29100.0,9.74
BMW,Diesel,2017,2868.0,219,17.4,,,7,18600.0,95.21
Datsun,Diesel,2022,1354.0,75,18.2,,,5,24000.0,11.39
Renault,Diesel,2024,1265.0,89,20.6,,,7,26200.0,9.01
Tata,Diesel,2021,1415.0,74,16.0,,,5,23200.0,11.26
Toyota,Diesel,2017,1852.0,156,20.4,,,5,20400.0,22.94
Skoda,Diesel,2016,1683.0,109,20.4,,,7,14700.0,20.2
Toyota,Diesel,2018,1569.0,140,18.7,,,5,18900.0,14.74
Honda,Diesel,2021,2056.0,110,16.4,,,5,16000.0,15.49
Volvo,Diesel,2022,2600.0,258,20.8,,,7,15300.0,100.36
Jaguar,Diesel,2019,2998.0,197,24.8,,,7,15900.0,91.29
Toyota,Diesel,2021,2134.0,147,16.7,,,5,21700.0,27.49
Toyota,Diesel,2019,1849.0,112,22.9,,,5,12600.0,19.02
Skoda,Diesel,2021,1813.0,126,16.6,,,5,12700.0,16.47
Kia,Diesel,2017,2064.0,114,23.9,,,5,27200.0,18.35
Renault,Diesel,2018,1202.0,93,23.1,,,5,23900.0,8.86
Skoda,Diesel,2018,2050.0,145,24.7,,,5,27600.0,13.45
Hyundai,Diesel,2023,2170.0,127,24.0,,,7,10800.0,27.53
Toyota,Diesel,2023,1625.0,163,19.8,,,7,25700.0,26.15
Audi,Diesel,2015,2075.0,215,18.3,,,7,17200.0,80.51
Volkswagen,Diesel,2024,1717.0,160,23.3,,,7,11100.0,25.34
Hyundai,Diesel,2017,1343.0,70,25.9,,,7,29500.0,7.22
Mercedes-Benz,Diesel,2020,2148.0,245,20.0,,,5,18400.0,98.42
Mercedes-Benz,Diesel,2021,2455.0,187,16.8,,,5,15100.0,80.62
Skoda,Diesel,2016,1947.0,119,19.1,,,7,21700.0,18.92
Toyota,Diesel,2020,2001.0,179,19.3,,,7,21800.0,26.07
Volvo,Diesel,2019,2431.0,217,18.1,,,5,15700.0,64.69
Jaguar,Diesel,2022,2601.0,208,23.2,,,5,27900.0,102.46
Honda,Diesel,2023,1782.0,157,23.8,,,7,29300.0,16.11
Kia,Diesel,2020,2164.0,153,21.7,,,5,25500.0,18.11
Tata,Diesel,2019,1286.0,71,21.4,,,7,15700.0,7.67
Honda,Diesel,2022,1616.0,102,18.0,,,7,11000.0,22.93
Toyota,Diesel,2022,2046.0,123,16.7,,,5,15100.0,20.48
BMW,Diesel,2024,2993.0,190,18.1,,,7,28600.0,110.26
Hyundai,Diesel,2021,1302.0,78,25.3,,,7,28300.0,9.51
Tata,Diesel,2016,1360.0,74,26.3,,,7,14500.0,11.73
Skoda,Diesel,2015,2175.0,131,20.5,,,7,16100.0,20.86
Maruti Suzuki,Diesel,2015,1416.0,85,16.6,,,7,12600.0,9.12
Kia,Diesel,2018,1856.0,152,25.8,,,5,13300.0,20.46
Tata,Diesel,2021,1221.0,71,15.6,,,5,10800.0,11.15
Kia,Diesel,2015,2170.0,172,16.5,,,7,10100.0,18.37
Honda,Diesel,2017,1598.0,157,24.3,,,7,14500.0,22.11
Audi,Diesel,2021,2655.0,183,17.1,,,7,16200.0,92.24
Toyota,Diesel,2019,1531.0,173,25.1,,,5,22500.0,26.54
Toyota,Diesel,2016,1508.0,161,23.3,,,7,16300.0,24.79
Skoda,Diesel,2021,1759.0,156,17.5,,,5,29600.0,15.18
Audi,Diesel,2016,2319.0,281,24.6,,,7,26400.0,53.11
Jaguar,Diesel,2018,2707.0,298,24.5,,,7,25400.0,99.21
Skoda,Diesel,2015,2056.0,108,18.7,,,5,14300.0,12.94
Toyota,Diesel,2016,2196.0,129,26.7,,,5,20300.0,13.77
Kia,Diesel,2016,2174.0,154,15.6,,,5,23200.0,13.58
Toyota,Diesel,2024,1851.0,176,15.3,,,5,24600.0,27.06
Maruti Suzuki,Diesel,2020,1361.0,74,22.4,,,7,29900.0,10.1
Volkswagen,Diesel,2024,1907.0,152,25.4,,,7,18200.0,19.34
Toyota,Diesel,2020,2157.0,151,18.1,,,5,14200.0,13.84
Kia,Diesel,2023,2041.0,107,17.4,,,7,27300.0,25.67
Hyundai,Diesel,2017,2051.0,125,21.2,,,5,25000.0,18.29
Honda,Diesel,2024,1728.0,115,17.2,,,7,14700.0,25.24
Skoda,Diesel,2015,2188.0,125,21.5,,,5,19800.0,19.77
Tata,Diesel,2024,1343.0,82,20.6,,,5,21300.0,13.48
Audi,Diesel,2023,2677.0,285,19.5,,,5,11600.0,109.29
Tata,Diesel,2020,1269.0,83,21.2,,,7,22600.0,9.32
Toyota,Diesel,2024,2100.0,112,24.4,,,7,11000.0,20.25
Honda,Diesel,2017,1725.0,150,21.0,,,7,10600.0,25.18
BMW,Diesel,2023,2402.0,246,16.0,,,5,29300.0,85.81
Renault,Diesel,2016,1328.0,96,16.4,,,5,16600.0,7.26
Hyundai,Diesel,2017,1338.0,92,22.9,,,7,18200.0,11.36
Hyundai,Diesel,2017,1407.0,79,19.4,,,7,30000.0,7.74
Audi,Diesel,2023,2540.0,246,14.3,,,5,22500.0,101.18
Maruti Suzuki,Diesel,2015,1493.0,92,20.0,,,5,12800.0,7.76
Kia,Diesel,2022,1855.0,127,19.0,,,7,26500.0,25.99
Volkswagen,Diesel,2019,1714.0,129,26.4,,,7,21300.0,15.11
Honda,Diesel,2021,1922.0,145,17.9,,,7,21300.0,13.96
Jaguar,Diesel,2019,2532.0,237,19.5,,,7,26400.0,53.32
Honda,Diesel,2023,1885.0,131,16.7,,,5,20700.0,16.86
Mercedes-Benz,Diesel,2017,2907.0,227,21.8,,,5,11500.0,60.49
Skoda,Diesel,2019,2196.0,146,26.0,,,5,19100.0,14.96
Toyota,Diesel,2024,1711.0,115,25.3,,,5,28400.0,15.17
Kia,Diesel,2016,2148.0,149,23.1,,,5,22800.0,20.82
Maruti Suzuki,Diesel,2021,1479.0,87,20.3,,,5,12500.0,8.38
Toyota,Diesel,2015,2040.0,122,15.9,,,5,28700.0,22.87
Honda,Diesel,2017,1685.0,113,24.6,,,7,19400.0,19.28
Volkswagen,Diesel,2020,1987.0,117,21.9,,,7,28200.0,20.97
Toyota,Diesel,2024,2095.0,124,24.2,,,7,16100.0,15.53
Datsun,Diesel,2017,1421.0,86,21.8,,,7,11600.0,7.45
Datsun,Diesel,2015,1377.0,80,17.5,,,5,19200.0,8.85
Toyota,Diesel,2017,2148.0,152,20.6,,,7,16800.0,13.33
Volkswagen,Diesel,2024,1725.0,146,24.6,,,5,27500.0,15.06
Toyota,Diesel,2024,2042.0,158,17.9,,,5,19900.0,27.55
Datsun,Diesel,2018,1390.0,91,21.8,,,5,28300.0,11.18
Hyundai,Diesel,2024,1819.0,171,20.9,,,5,12300.0,18.49
Hyundai,Diesel,2018,1486.0,86,24.0,,,7,13000.0,11.39
Datsun,Diesel,2024,1364.0,84,19.1,,,7,12000.0,12.87
Toyota,Diesel,2017,1665.0,122,20.6,,,7,29600.0,23.51
Hyundai,Diesel,2016,1728.0,117,15.4,,,5,22500.0,14.57
Volvo,Diesel,2022,2459.0,246,16.2,,,7,14100.0,58.54
Hyundai,Diesel,2016,2059.0,120,23.8,,,5,15100.0,14.44
Honda,Diesel,2024,2132.0,134,18.5,,,7,22500.0,14.95
Hyundai,Diesel,2017,1294.0,71,26.0,,,7,14000.0,11.57
Datsun,Diesel,2015,1334.0,99,15.4,,,5,15900.0,11.94
Tata,Diesel,2016,1428.0,93,27.2,,,7,23800.0,10.42
Maruti Suzuki,Diesel,2022,1473.0,81,23.8,,,7,27900.0,8.27
Toyota,Diesel,2016,2174.0,141,18.6,,,7,11000.0,16.03
Skoda,Diesel,2018,1808.0,171,23.8,,,5,15400.0,16.74
Toyota,Diesel,2022,1940.0,136,17.2,,,5,17600.0,24.83
Datsun,Diesel,2016,1441.0,75,19.6,,,5,21600.0,11.93
Mercedes-Benz,Diesel,2024,2875.0,274,23.8,,,7,17100.0,85.59
Skoda,Diesel,2024,1954.0,133,20.9,,,7,22100.0,21.84
Tata,Diesel,2023,1480.0,89,20.8,,,7,15700.0,8.43
Tata,Diesel,2019,1390.0,73,23.5,,,5,14300.0,10.21
Hyundai,Diesel,2016,1304.0,87,15.9,,,5,11900.0,11.35
Datsun,Diesel,2016,1421.0,71,20.8,,,5,21800.0,11.61
Skoda,Diesel,2022,1943.0,105,24.8,,,7,25200.0,16.05
Honda,Diesel,2015,2009.0,139,20.0,,,5,11700.0,14.3
Hyundai,Diesel,2020,1441.0,76,25.8,,,5,15900.0,11.26
Volkswagen,Diesel,2022,1651.0,145,15.1,,,7,25600.0,14.16
Volkswagen,Diesel,2015,1920.0,139,25.5,,,5,23400.0,17.08
Maruti Suzuki,Diesel,2019,1488.0,97,19.0,,,5,10600.0,8.58
Honda,Diesel,2022,2152.0,164,17.0,,,5,16300.0,15.23
Toyota,Diesel,2020,2188.0,148,18.0,,,5,14900.0,26.86
Honda,Diesel,2022,1555.0,103,16.4,,,7,23000.0,25.48
Volvo,Diesel,2022,2819.0,259,21.0,,,5,30000.0,116.04
Hyundai,Diesel,2024,1254.0,76,21.9,,,5,28400.0,13.0
Renault,Diesel,2016,1351.0,81,22.3,,,7,22600.0,8.32
Honda,Diesel,2023,1775.0,141,17.1,,,7,28200.0,23.39
Datsun,Diesel,2024,1284.0,82,26.0,,,5,13500.0,12.56
Hyundai,Diesel,2020,1598.0,146,20.9,,,5,24900.0,19.78
Tata,Diesel,2018,1285.0,99,24.2,,,5,12800.0,10.82
Volkswagen,Diesel,2021,1881.0,126,26.0,,,5,23700.0,17.95
Jaguar,Diesel,2017,2113.0,199,20.6,,,7,16300.0,108.69
Honda,Diesel,2021,2111.0,130,19.7,,,5,16200.0,18.32
BMW,Diesel,2020,2102.0,197,26.2,,,7,12700.0,102.77
Maruti Suzuki,Diesel,2024,1409.0,85,17.5,,,7,28800.0,12.25
Volvo,Diesel,2018,2500.0,271,20.4,,,5,29100.0,94.16
Mercedes-Benz,Diesel,2019,2787.0,230,20.6,,,7,22400.0,65.07
Hyundai,Diesel,2021,1553.0,143,15.9,,,5,16400.0,25.23
BMW,Diesel,2018,2700.0,182,18.7,,,7,23800.0,63.64
Mercedes-Benz,Diesel,2016,2393.0,278,23.9,,,7,11400.0,104.52
Volvo,Diesel,2020,2702.0,266,23.3,,,5,24300.0,69.39
Jaguar,Diesel,2019,2656.0,283,22.4,,,7,19600.0,91.12
Hyundai,Diesel,2016,1802.0,105,21.0,,,7,18500.0,13.72
Kia,Diesel,2015,1637.0,170,19.2,,,5,12600.0,18.16
Honda,Diesel,2024,2138.0,170,24.7,,,5,11700.0,15.78
Volvo,Diesel,2017,2219.0,236,22.2,,,7,14100.0,68.7
Audi,Diesel,2016,2454.0,254,16.4,,,5,13100.0,83.27
Hyundai,Diesel,2021,1228.0,71,16.2,,,5,24600.0,12.63
Volkswagen,Diesel,2022,1576.0,165,18.5,,,5,11500.0,17.45
Hyundai,Diesel,2017,1356.0,80,22.8,,,5,26100.0,9.53
Volvo,Diesel,2015,2797.0,250,20.6,,,7,14800.0,111.2
Hyundai,Diesel,2018,1980.0,164,18.2,,,7,25200.0,20.36
Hyundai,Diesel,2018,1900.0,154,26.2,,,5,21900.0,13.29
Toyota,Diesel,2020,2002.0,104,23.5,,,5,23100.0,15.53
Tata,Diesel,2022,1366.0,89,25.8,,,5,29500.0,10.27
Volvo,Diesel,2017,2412.0,271,24.3,,,5,28300.0,112.95
Audi,Diesel,2015,2977.0,201,17.8,,,5,25800.0,72.68
Hyundai,Diesel,2017,2126.0,162,17.9,,,5,10600.0,19.52
Hyundai,Diesel,2023,1900.0,139,26.2,,,7,26100.0,21.52
Toyota,Diesel,2021,1829.0,169,25.0,,,5,22100.0,26.63
Maruti Suzuki,Diesel,2024,1221.0,78,17.8,,,7,12300.0,9.05
Volkswagen,Diesel,2018,1605.0,164,18.1,,,5,23900.0,24.33
Hyundai,Diesel,2016,1791.0,151,26.1,,,7,16800.0,19.91
Jaguar,Diesel,2017,2777.0,239,21.2,,,5,27900.0,94.29
Datsun,Diesel,2023,1315.0,97,25.5,,,7,14000.0,12.94
Honda,Diesel,2016,2099.0,101,21.4,,,7,16400.0,15.24
Hyundai,Diesel,2017,1264.0,71,19.6,,,7,25900.0,8.95
Renault,Diesel,2015,1477.0,89,23.0,,,7,14900.0,7.82
Datsun,Diesel,2020,1407.0,93,21.9,,,7,15200.0,10.4
Mercedes-Benz,Diesel,2019,2946.0,214,20.6,,,5,17500.0,71.38
Hyundai,Diesel,2024,1886.0,109,24.7,,,7,19600.0,24.79
Honda,Diesel,2022,1555.0,101,24.1,,,7,14500.0,17.46
Volkswagen,Diesel,2019,2060.0,100,18.1,,,7,28100.0,24.75
Maruti Suzuki,Diesel,2021,1349.0,87,20.3,,,7,24100.0,12.09
Datsun,Diesel,2021,1471.0,70,25.3,,,5,10700.0,12.24
Volkswagen,Diesel,2015,2073.0,171,24.9,,,7,19200.0,14.04
Maruti Suzuki,Diesel,2019,1401.0,93,22.0,,,5,13600.0,8.34
Audi,Diesel,2023,2175.0,212,21.1,,,5,27100.0,106.17
Toyota,Diesel,2017,2096.0,108,20.0,,,5,12300.0,13.48
Kia,Diesel,2023,1780.0,105,18.6,,,5,22000.0,21.4
Skoda,Diesel,2024,1786.0,140,26.5,,,7,22200.0,21.98
Renault,Diesel,2020,1247.0,90,22.5,,,7,15700.0,12.2
Skoda,Diesel,2016,2138.0,109,20.2,,,5,20100.0,13.06
Datsun,Diesel,2015,1337.0,92,21.8,,,5,16700.0,11.71
Datsun,Diesel,2015,1200.0,74,18.4,,,7,16300.0,9.24
Maruti Suzuki,Diesel,2017,1338.0,97,21.6,,,7,26000.0,8.46
Toyota,Diesel,2016,2019.0,120,24.3,,,5,11100.0,19.57
Honda,Diesel,2018,1629.0,136,26.1,,,5,22000.0,13.77
Volvo,Diesel,2020,2457.0,213,16.8,,,5,11200.0,115.74
Kia,Diesel,2019,1500.0,171,18.5,,,5,28100.0,26.37
Hyundai,Diesel,2018,1338.0,90,26.2,,,5,24400.0,8.88
Volkswagen,Diesel,2018,1700.0,130,21.0,,,5,11400.0,18.4
Maruti Suzuki,Diesel,2020,1474.0,98,19.1,,,7,24700.0,10.87
Mercedes-Benz,Diesel,2020,2127.0,250,24.4,,,7,11600.0,58.58
Skoda,Diesel,2017,1643.0,172,19.7,,,7,22400.0,26.0
Hyundai,Diesel,2020,1496.0,85,24.5,,,7,10600.0,8.59
Tata,Diesel,2020,1331.0,72,16.7,,,5,13000.0,11.92
Skoda,Diesel,2018,2180.0,166,19.2,,,5,19700.0,19.8
Tata,Diesel,2017,1385.0,87,25.6,,,7,22900.0,9.4
Maruti Suzuki,Diesel,2023,1427.0,86,21.1,,,5,11400.0,12.29
Renault,Diesel,2018,1490.0,90,19.8,,,7,20600.0,8.9
Renault,Diesel,2018,1247.0,85,22.1,,,7,21000.0,8.25
Kia,Diesel,2024,1575.0,172,18.4,,,5,20200.0,24.85
Hyundai,Diesel,2019,1276.0,82,19.9,,,5,16200.0,9.09
BMW,Diesel,2015,2141.0,291,22.7,,,5,12900.0,54.67
Toyota,Diesel,2017,1723.0,142,20.4,,,7,17200.0,18.72
Skoda,Diesel,2015,1676.0,162,21.0,,,5,29400.0,17.58
Audi,Diesel,2015,2254.0,271,23.9,,,7,19400.0,58.88
Maruti Suzuki,Diesel,2023,1445.0,81,19.6,,,7,10800.0,10.25
Renault,Diesel,2023,1232.0,77,25.5,,,7,27500.0,9.75
Datsun,Diesel,2020,1315.0,98,23.5,,,5,28600.0,8.95
Honda,Diesel,2021,1837.0,166,22.1,,,7,23200.0,23.85
Skoda,Diesel,2017,2082.0,156,24.7,,,7,14800.0,18.17
Hyundai,Diesel,2016,1321.0,78,23.9,,,7,27300.0,8.49
Renault,Diesel,2015,1251.0,86,19.0,,,7,25900.0,9.75
Skoda,Diesel,2018,1799.0,167,14.7,,,5,15700.0,18.56
Honda,Diesel,2016,1864.0,174,26.5,,,7,20800.0,24.07
Kia,Diesel,2023,1904.0,124,16.8,,,5,11600.0,20.85
Honda,Diesel,2022,1513.0,100,25.1,,,5,28600.0,15.18
Volkswagen,Diesel,2016,2105.0,149,17.7,,,5,18100.0,24.22
Toyota,Diesel,2022,1671.0,179,19.9,,,7,10700.0,25.49
Hyundai,Diesel,2018,1573.0,171,26.3,,,5,20100.0,19.28
Maruti Suzuki,Diesel,2018,1302.0,92,20.4,,,7,16000.0,8.74
Datsun,Diesel,2024,1287.0,80,16.4,,,7,19600.0,11.38
Honda,Diesel,2019,1516.0,143,24.8,,,5,23100.0,17.45
Renault,Diesel,2024,1252.0,83,17.6,,,7,11300.0,13.29
Tata,Diesel,2019,1209.0,85,26.3,,,5,23800.0,12.49
Datsun,Diesel,2023,1255.0,81,15.5,,,5,21400.0,12.25
Jaguar,Diesel,2017,2167.0,223,19.1,,,5,25300.0,99.79
Maruti Suzuki,Diesel,2021,1261.0,87,26.2,,,7,23400.0,12.74
Tata,Diesel,2021,1434.0,94,24.1,,,5,28900.0,8.81
Renault,Diesel,2022,1489.0,94,25.9,,,5,18900.0,11.77
Kia,Diesel,2020,1582.0,127,24.8,,,7,26500.0,26.15
Volkswagen,Diesel,2016,1743.0,172,15.4,,,5,22600.0,20.69
Honda,Diesel,2020,2134.0,152,23.8,,,5,14800.0,25.33
Kia,Diesel,2024,1550.0,118,16.2,,,5,29200.0,25.23
Toyota,Diesel,2018,1991.0,128,17.7,,,7,19400.0,16.0
Maruti Suzuki,Diesel,2023,1397.0,95,24.3,,,5,13500.0,13.02
Volvo,Diesel,2022,2808.0,216,17.4,,,7,17400.0,105.22
Tata,Diesel,2017,1301.0,83,17.5,,,7,18800.0,11.84
Kia,Diesel,2022,1971.0,122,25.2,,,5,22200.0,17.28
Honda,Diesel,2023,1743.0,170,26.3,,,5,12600.0,27.56
Renault,Diesel,2018,1479.0,98,22.0,,,7,18500.0,11.9
Datsun,Diesel,2023,1302.0,97,22.5,,,7,13300.0,9.56
Toyota,Diesel,2021,2035.0,177,21.7,,,7,15700.0,26.89
Hyundai,Diesel,2022,1366.0,84,19.2,,,5,28300.0,8.66
Hyundai,Diesel,2018,1273.0,96,27.0,,,5,24400.0,10.29
Hyundai,Diesel,2020,1958.0,169,14.6,,,7,24900.0,25.12
Hyundai,Diesel,2024,1327.0,84,26.9,,,5,12900.0,12.96
Tata,Diesel,2015,1259.0,82,22.2,,,5,12100.0,10.73
Jaguar,Diesel,2015,2382.0,220,25.3,,,5,29000.0,79.55
Jaguar,Diesel,2023,2727.0,185,22.2,,,5,29600.0,60.13
Renault,Diesel,2018,1201.0,78,19.8,,,5,10800.0,7.98
Mercedes-Benz,Diesel,2015,2554.0,236,14.4,,,5,18800.0,79.11
Hyundai,Diesel,2020,1746.0,119,22.3,,,5,18900.0,14.11
Volvo,Diesel,2017,2912.0,268,16.1,,,5,23200.0,78.54
Renault,Diesel,2017,1231.0,78,21.6,,,5,29900.0,8.16
Kia,Diesel,2018,1972.0,130,19.7,,,5,17000.0,14.84
Hyundai,Diesel,2017,1985.0,121,21.7,,,5,10800.0,21.28
Skoda,Diesel,2021,1646.0,144,25.3,,,7,15400.0,23.55
Hyundai,Diesel,2020,1920.0,165,16.5,,,5,21600.0,20.39
Hyundai,Diesel,2024,1201.0,79,18.9,,,5,11600.0,11.45
Kia,Diesel,2017,2152.0,118,20.2,,,7,25600.0,21.32
Audi,Diesel,2015,2177.0,293,24.3,,,7,15700.0,72.76
Skoda,Diesel,2019,2187.0,146,15.5,,,7,12600.0,20.85
Hyundai,Diesel,2021,1249.0,86,20.9,,,5,17300.0,11.37
Renault,Diesel,2023,1458.0,95,22.4,,,5,18700.0,9.81
Honda,Diesel,2018,2032.0,120,18.6,,,5,11700.0,21.73
Skoda,Diesel,2017,1567.0,127,21.6,,,7,12000.0,18.08
Tata,Diesel,2017,1383.0,92,17.4,,,5,14200.0,8.76
Hyundai,Diesel,2023,1266.0,74,18.7,,,5,28200.0,12.48
Honda,Diesel,2021,1916.0,121,21.7,,,7,13400.0,23.82
Jaguar,Diesel,2020,2281.0,220,21.4,,,5,11900.0,82.54
Hyundai,Diesel,2015,1443.0,98,25.3,,,5,28300.0,8.72
Honda,Diesel,2020,1832.0,111,23.5,,,5,26400.0,21.69
Maruti Suzuki,Diesel,2018,1311.0,83,23.3,,,5,20900.0,10.92
Hyundai,Diesel,2017,1251.0,71,21.4,,,7,15000.0,10.77
Jaguar,Diesel,2021,2119.0,246,15.3,,,5,23900.0,114.34
Renault,Diesel,2015,1295.0,93,25.4,,,7,29100.0,10.07
Kia,Diesel,2024,1620.0,168,26.0,,,7,15100.0,26.14
BMW,Diesel,2019,2288.0,251,19.8,,,7,12300.0,108.53
Volkswagen,Diesel,2024,1999.0,141,24.2,,,7,17400.0,17.65
Hyundai,Diesel,2016,2027.0,177,21.5,,,7,26900.0,23.51
Skoda,Diesel,2015,2158.0,146,24.9,,,7,10700.0,14.48
Tata,Diesel,2016,1208.0,94,24.5,,,7,29800.0,8.18
Maruti Suzuki,Diesel,2018,1288.0,75,23.8,,,7,21500.0,12.06
Honda,Diesel,2020,1920.0,126,21.8,,,7,24700.0,20.08
Honda,Diesel,2022,1530.0,154,24.7,,,5,26400.0,19.53
Hyundai,Diesel,2015,1315.0,89,24.2,,,7,18200.0,10.13
Renault,Diesel,2018,1324.0,80,24.1,,,7,17900.0,11.99
Maruti Suzuki,Diesel,2022,1482.0,86,17.9,,,5,20400.0,10.44
Maruti Suzuki,Diesel,2015,1204.0,96,16.6,,,7,26200.0,11.32
Toyota,Diesel,2017,1524.0,168,16.7,,,5,16300.0,17.26
Jaguar,Diesel,2020,2952.0,282,23.3,,,5,16300.0,68.07
Maruti Suzuki,Diesel,2018,1359.0,75,23.0,,,7,24900.0,9.69
BMW,Diesel,2023,2268.0,251,22.7,,,5,20300.0,103.43
Kia,Diesel,2018,1892.0,149,15.2,,,7,16500.0,14.7
Mercedes-Benz,Diesel,2021,2022.0,282,20.3,,,5,19000.0,78.72
Tata,Diesel,2015,1382.0,74,21.6,,,7,19700.0,7.78
Toyota,Diesel,2015,1622.0,142,23.9,,,7,12200.0,22.77
Honda,Diesel,2019,1753.0,106,18.7,,,5,17200.0,22.26
Datsun,Diesel,2022,1465.0,85,21.6,,,7,20300.0,10.03
BMW,Diesel,2021,2156.0,184,25.6,,,7,20600.0,56.37
Hyundai,Diesel,2020,2041.0,174,23.2,,,5,11400.0,16.23
Mercedes-Benz,Diesel,2015,2258.0,215,22.3,,,7,26900.0,83.98
BMW,Diesel,2019,2083.0,256,14.3,,,7,17100.0,119.6
Renault,Diesel,2017,1374.0,91,15.4,,,5,10700.0,11.16
Kia,Diesel,2020,2123.0,136,25.9,,,5,22800.0,15.38
Renault,Diesel,2020,1218.0,70,22.2,,,5,12800.0,7.5
Hyundai,Diesel,2022,1408.0,92,17.4,,,7,10000.0,10.36
Jaguar,Diesel,2022,2468.0,269,14.7,,,7,23500.0,70.72
Hyundai,Diesel,2023,1487.0,87,15.8,,,5,16100.0,11.2
Honda,Diesel,2020,2087.0,108,18.1,,,5,23400.0,23.78
Audi,Diesel,2022,2069.0,261,20.8,,,7,24300.0,69.42
Honda,Diesel,2017,1933.0,131,16.1,,,7,16800.0,22.91
Volkswagen,Diesel,2021,2059.0,104,24.1,,,5,26100.0,17.66
Jaguar,Diesel,2018,2137.0,245,24.5,,,7,15700.0,93.18
Hyundai,Diesel,2015,1285.0,82,20.0,,,5,14400.0,7.15
Hyundai,Diesel,2021,1807.0,127,23.1,,,7,15300.0,26.17
Datsun,Diesel,2019,1433.0,82,16.6,,,7,15000.0,9.1
Hyundai,Diesel,2023,1876.0,159,17.4,,,5,21700.0,21.15
Skoda,Diesel,2015,1734.0,162,21.1,,,7,24600.0,17.31
Volkswagen,Diesel,2023,1575.0,134,19.6,,,7,14000.0,16.54
Kia,Diesel,2015,2001.0,137,17.3,,,5,23800.0,19.11
Volkswagen,Diesel,2017,2116.0,161,16.2,,,7,26400.0,16.27
Hyundai,Diesel,2018,1643.0,117,16.4,,,5,24000.0,14.36
Hyundai,Diesel,2021,1734.0,136,17.6,,,5,27600.0,19.36
Toyota,Diesel,2020,1880.0,155,19.2,,,7,13900.0,22.22
Maruti Suzuki,Diesel,2021,1334.0,87,26.6,,,7,22200.0,12.18
Jaguar,Diesel,2018,2369.0,291,18.2,,,5,11100.0,80.07
Honda,Diesel,2017,1591.0,130,17.4,,,7,28900.0,19.13
Volkswagen,Diesel,2018,1740.0,126,23.4,,,7,27000.0,23.32
Honda,Diesel,2015,2032.0,151,17.4,,,7,25200.0,17.83
Honda,Diesel,2021,1742.0,179,15.6,,,7,27600.0,25.39
Hyundai,Diesel,2015,2026.0,100,18.1,,,5,18900.0,20.32
Skoda,Diesel,2020,1980.0,170,15.5,,,7,16300.0,23.69
Toyota,Diesel,2018,2166.0,139,24.1,,,5,29500.0,15.3
Maruti Suzuki,Diesel,2020,1218.0,82,26.0,,,7,17300.0,10.62
Honda,Diesel,2024,1932.0,116,26.2,,,5,16900.0,19.25
Tata,Diesel,2016,1237.0,72,26.0,,,7,13000.0,11.12
Renault,Diesel,2018,1420.0,93,26.0,,,7,10600.0,8.09
Datsun,Diesel,2017,1410.0,95,18.3,,,7,28100.0,8.52
Skoda,Diesel,2024,2060.0,172,17.8,,,5,14000.0,25.72
Hyundai,Diesel,2017,1207.0,89,18.8,,,7,26800.0,9.73
Volkswagen,Diesel,2016,2160.0,175,15.9,,,5,22500.0,21.1
Maruti Suzuki,Diesel,2024,1411.0,94,19.4,,,5,28500.0,12.1
Kia,Diesel,2016,1775.0,101,25.2,,,7,26900.0,20.82
Kia,Diesel,2020,1627.0,171,20.1,,,5,14100.0,20.4
Renault,Diesel,2016,1228.0,78,25.3,,,5,25500.0,8.24
Mercedes-Benz,Diesel,2023,2875.0,261,15.1,,,7,27000.0,83.2
Volkswagen,Diesel,2015,2021.0,126,20.4,,,5,10800.0,24.44
Kia,Diesel,2017,2044.0,161,20.3,,,7,12800.0,23.75
Maruti Suzuki,Diesel,2015,1256.0,81,19.6,,,7,14700.0,10.2
Kia,Diesel,2019,1823.0,151,26.3,,,5,10200.0,19.24
Maruti Suzuki,Diesel,2016,1449.0,92,23.8,,,5,23700.0,9.38
Audi,Diesel,2024,2865.0,258,19.7,,,7,17200.0,95.16
Toyota,Diesel,2017,1791.0,172,26.0,,,7,27000.0,22.35
Datsun,Diesel,2020,1407.0,89,16.9,,,7,28100.0,10.7
Datsun,Diesel,2018,1387.0,99,25.0,,,5,25300.0,8.05
Hyundai,Diesel,2023,2167.0,170,20.5,,,5,22500.0,28.29
Toyota,Diesel,2015,2027.0,153,20.5,,,7,15600.0,25.03
Kia,Diesel,2016,1902.0,115,26.9,,,5,12400.0,19.86
Honda,Diesel,2023,1913.0,144,25.2,,,7,20400.0,17.79
Volkswagen,Diesel,2020,2016.0,161,15.4,,,7,22300.0,18.86
Hyundai,Diesel,2024,1637.0,179,19.3,,,5,17500.0,16.49
Audi,Diesel,2023,2453.0,242,16.9,,,5,26500.0,76.89
Hyundai,Diesel,2018,1379.0,72,16.9,,,5,25700.0,10.87
Audi,Diesel,2015,2472.0,274,18.2,,,7,10400.0,96.95
Mercedes-Benz,Diesel,2016,2348.0,238,16.4,,,7,16000.0,89.18
Volkswagen,Diesel,2019,2140.0,107,15.8,,,7,10100.0,15.46
Hyundai,Diesel,2015,1292.0,90,21.5,,,5,28700.0,8.75
Toyota,Diesel,2019,1815.0,169,16.0,,,5,17600.0,19.01
Datsun,Diesel,2020,1415.0,85,15.3,,,5,28700.0,7.93
Skoda,Diesel,2023,1845.0,163,18.3,,,5,26200.0,27.89
Jaguar,Diesel,2018,2412.0,191,15.7,,,7,16300.0,73.4
Tata,Diesel,2021,1257.0,98,18.2,,,7,17000.0,8.82
Toyota,Diesel,2020,1558.0,178,14.6,,,7,19000.0,22.14
Skoda,Diesel,2019,1755.0,131,16.1,,,5,13100.0,16.53
Toyota,Diesel,2020,1683.0,123,23.2,,,7,14300.0,22.98
Hyundai,Diesel,2016,2191.0,127,17.4,,,7,18300.0,24.9
BMW,Diesel,2019,2935.0,186,15.5,,,7,19500.0,88.86
Volvo,Diesel,2018,2210.0,242,19.7,,,5,23900.0,90.64
Hyundai,Diesel,2018,1228.0,79,24.2,,,7,10700.0,11.82
Datsun,Diesel,2021,1464.0,76,25.1,,,7,26900.0,12.23
Toyota,Diesel,2024,2024.0,111,20.3,,,7,11400.0,20.95
Datsun,Diesel,2022,1451.0,81,23.7,,,5,26600.0,12.23
Honda,Diesel,2015,1689.0,146,17.2,,,5,29900.0,14.18
Hyundai,Diesel,2024,1842.0,141,15.2,,,5,28900.0,28.29
Mercedes-Benz,Diesel,2018,2310.0,268,15.3,,,5,16800.0,102.48
Skoda,Diesel,2019,1593.0,152,25.1,,,7,12200.0,15.12
Datsun,Diesel,2018,1444.0,82,26.6,,,7,16700.0,10.23
Toyota,Diesel,2021,2118.0,147,14.9,,,5,25100.0,21.38
Volvo,Diesel,2019,2583.0,250,23.9,,,7,26700.0,59.5
Honda,Diesel,2023,1627.0,169,21.0,,,5,20600.0,19.41
BMW,Diesel,2019,2399.0,231,20.3,,,5,23000.0,52.87
BMW,Diesel,2015,2397.0,250,19.6,,,7,17900.0,57.07
Hyundai,Diesel,2022,1741.0,129,21.8,,,7,16800.0,17.75
Hyundai,Diesel,2020,1339.0,86,27.0,,,7,15800.0,8.94
Volkswagen,Diesel,2017,1634.0,105,23.7,,,5,11300.0,24.66
Hyundai,Diesel,2019,1720.0,123,21.0,,,5,27000.0,23.66
Jaguar,Diesel,2019,2499.0,185,15.3,,,7,17600.0,50.48
Hyundai,Diesel,2024,1799.0,146,15.4,,,7,16400.0,25.36
Maruti Suzuki,Diesel,2024,1330.0,74,15.5,,,7,25700.0,10.52
Hyundai,Diesel,2015,1204.0,82,15.7,,,5,21800.0,8.54
Renault,Diesel,2018,1405.0,82,20.3,,,5,24900.0,9.64
Renault,Diesel,2015,1480.0,79,22.1,,,7,16200.0,7.89
Tata,Diesel,2017,1334.0,84,20.6,,,5,28200.0,7.84
Toyota,Diesel,2021,1918.0,115,23.3,,,7,15400.0,17.78
Mercedes-Benz,Diesel,2017,2244.0,273,13.9,,,5,10500.0,59.07
Renault,Diesel,2024,1391.0,77,21.6,,,5,23100.0,11.91
Jaguar,Diesel,2018,2076.0,188,23.1,,,7,12700.0,75.7
Honda,Diesel,2022,1961.0,175,25.3,,,5,28800.0,15.52
Renault,Diesel,2015,1361.0,73,17.4,,,5,27400.0,9.03
Volkswagen,Diesel,2020,1963.0,173,14.6,,,5,17200.0,23.1
BMW,Diesel,2022,2340.0,230,24.4,,,7,16400.0,98.65
Maruti Suzuki,Diesel,2019,1476.0,87,17.2,,,7,18500.0,8.86
Tata,Diesel,2019,1207.0,78,23.5,,,7,29400.0,10.15
Hyundai,Diesel,2024,1242.0,78,19.2,,,5,15700.0,11.13
Audi,Diesel,2019,2075.0,276,15.2,,,7,23200.0,93.72
Volkswagen,Diesel,2015,1551.0,114,20.0,,,5,29900.0,16.83
Toyota,Diesel,2023,2074.0,167,16.7,,,7,29300.0,25.48
Kia,Diesel,2018,1542.0,106,25.9,,,7,14000.0,13.72
BMW,Diesel,2016,2501.0,273,17.1,,,5,11400.0,70.22
Toyota,Diesel,2024,2119.0,168,16.5,,,7,27700.0,18.87
Maruti Suzuki,Diesel,2023,1262.0,92,24.8,,,7,23400.0,12.76
Mercedes-Benz,Diesel,2019,2613.0,183,15.3,,,5,20400.0,87.87
Toyota,Diesel,2024,2192.0,130,25.5,,,5,18200.0,24.73
Honda,Diesel,2021,2195.0,173,25.5,,,5,21400.0,26.41
Volvo,Diesel,2019,2409.0,206,15.5,,,7,13600.0,83.83
Hyundai,Diesel,2023,2157.0,151,25.1,,,7,18600.0,26.01
Toyota,Diesel,2017,1777.0,132,24.6,,,7,28900.0,19.78
Hyundai,Diesel,2019,1610.0,123,21.5,,,5,20700.0,18.66
Skoda,Diesel,2019,1500.0,159,17.0,,,7,29200.0,19.02
Toyota,Diesel,2018,1661.0,124,17.4,,,7,29100.0,18.72
Hyundai,Diesel,2017,1774.0,158,21.3,,,5,10300.0,24.91
Tata,Diesel,2024,1245.0,88,21.4,,,7,14300.0,13.29
Tata,Diesel,2017,1218.0,97,16.9,,,7,30000.0,8.1
BMW,Diesel,2018,2949.0,229,21.9,,,7,14500.0,88.97
Renault,Diesel,2016,1369.0,77,15.5,,,5,10100.0,11.0
Kia,Diesel,2020,1831.0,109,17.9,,,5,25000.0,21.34
Mercedes-Benz,Diesel,2016,2423.0,280,21.6,,,5,24900.0,104.32
BMW,Diesel,2023,2043.0,271,23.6,,,7,25100.0,119.81
Maruti Suzuki,Diesel,2017,1485.0,81,20.2,,,7,14300.0,11.41
Hyundai,Diesel,2022,1512.0,171,20.0,,,7,15600.0,25.71
Toyota,Diesel,2017,1542.0,107,20.1,,,5,14700.0,17.89
Kia,Diesel,2019,2004.0,151,16.2,,,7,24200.0,23.63
Volkswagen,Diesel,2024,1833.0,127,17.5,,,5,16600.0,27.55
Datsun,Diesel,2018,1357.0,97,17.2,,,5,11400.0,8.76
Datsun,Diesel,2019,1245.0,78,25.5,,,7,21100.0,8.3
Volkswagen,Diesel,2022,1643.0,104,24.4,,,7,12900.0,16.51
Audi,Diesel,2022,2564.0,288,13.8,,,5,24600.0,87.95
Tata,Diesel,2020,1460.0,85,22.8,,,7,18700.0,7.88
Toyota,Diesel,2017,1967.0,100,21.1,,,5,19600.0,14.43
Volvo,Diesel,2016,2013.0,184,15.9,,,5,22100.0,79.43
Renault,Diesel,2019,1488.0,70,24.5,,,7,21500.0,10.99
Datsun,Diesel,2022,1223.0,91,16.1,,,5,12700.0,9.47
Skoda,Diesel,2022,1697.0,152,23.4,,,5,25600.0,18.81
Skoda,Diesel,2023,1872.0,129,21.8,,,5,21200.0,24.8
Tata,Diesel,2024,1299.0,87,23.2,,,5,23100.0,9.05
Maruti Suzuki,Diesel,2022,1212.0,92,21.0,,,5,29900.0,8.63
Kia,Diesel,2024,2105.0,170,24.9,,,5,26500.0,18.1
Skoda,Diesel,2021,1502.0,127,22.6,,,7,12700.0,22.28
Skoda,Diesel,2024,1986.0,174,25.5,,,7,14300.0,22.87
Toyota,Diesel,2024,1596.0,161,14.7,,,5,24000.0,22.42
Renault,Diesel,2021,1294.0,93,22.4,,,7,16400.0,10.39
Skoda,Diesel,2018,1810.0,175,23.6,,,7,20600.0,18.44
Jaguar,Diesel,2024,2647.0,191,19.5,,,7,25500.0,91.5
Audi,Diesel,2015,2639.0,283,19.8,,,7,22100.0,104.61
Kia,Diesel,2023,2100.0,158,16.6,,,5,10100.0,23.04
Honda,Diesel,2018,2137.0,159,23.4,,,5,23400.0,14.77
Volkswagen,Diesel,2022,1679.0,139,19.5,,,5,25100.0,14.72
BMW,Diesel,2022,2482.0,225,17.3,,,7,25600.0,117.04
BYD,EV,2019,,497,,80.1,531.0,5,11000.0,145.04
Tesla,EV,2024,,82,,32.8,214.0,5,9200.0,15.01
Tata,EV,2023,,316,,84.8,538.0,7,4900.0,133.47
Tata,EV,2021,,119,,42.9,264.0,5,9500.0,18.71
Mahindra,EV,2024,,179,,50.1,277.0,7,7000.0,25.55
MG,EV,2021,,358,,78.1,504.0,7,8100.0,126.03
Tata,EV,2024,,91,,25.6,154.0,5,7500.0,16.02
Tata,EV,2022,,119,,45.6,304.0,5,11400.0,18.96
Hyundai,EV,2023,,112,,36.0,206.0,5,8800.0,18.04
MG,EV,2021,,87,,24.1,137.0,7,7100.0,12.24
Tesla,EV,2019,,170,,42.4,254.0,7,10700.0,21.43
Mahindra,EV,2019,,121,,42.8,320.0,5,6500.0,26.79
MG,EV,2019,,444,,73.8,482.0,5,8100.0,62.46
Hyundai,EV,2018,,347,,56.8,353.0,5,9700.0,108.56
Hyundai,EV,2021,,83,,33.8,236.0,7,10600.0,14.15
BYD,EV,2018,,68,,20.5,143.0,5,4900.0,13.74
MG,EV,2018,,122,,50.7,299.0,7,10000.0,15.82
Hyundai,EV,2018,,493,,89.0,560.0,5,10400.0,132.9
BYD,EV,2024,,69,,21.1,121.0,5,4700.0,14.31
BYD,EV,2020,,249,,89.7,516.0,7,5100.0,126.6
Tata,EV,2022,,65,,32.0,193.0,5,8200.0,10.52
Hyundai,EV,2023,,126,,35.8,226.0,7,11500.0,24.63
MG,EV,2018,,346,,72.9,531.0,7,7300.0,137.99
BYD,EV,2024,,167,,40.0,274.0,5,10200.0,30.43
MG,EV,2019,,147,,44.5,328.0,5,5600.0,23.23
MG,EV,2024,,281,,62.7,408.0,5,7300.0,100.84
Tata,EV,2018,,133,,38.7,263.0,7,9200.0,17.3
Tata,EV,2023,,96,,29.9,203.0,7,6700.0,13.27
Hyundai,EV,2018,,76,,32.3,186.0,7,7500.0,11.78
Tesla,EV,2022,,96,,21.1,126.0,7,11500.0,13.34
Hyundai,EV,2019,,90,,26.4,181.0,5,7700.0,9.73
Mahindra,EV,2024,,436,,55.0,354.0,7,11500.0,153.32
Tesla,EV,2021,,427,,64.3,373.0,5,8600.0,136.73
BYD,EV,2018,,291,,82.0,463.0,5,9600.0,99.6
Hyundai,EV,2022,,189,,81.2,447.0,7,4200.0,140.64
Hyundai,EV,2021,,139,,53.2,303.0,7,7100.0,29.02
BYD,EV,2020,,78,,33.5,244.0,7,9900.0,12.04
Hyundai,EV,2019,,122,,50.1,356.0,5,9000.0,22.45
Hyundai,EV,2024,,112,,48.8,337.0,5,5900.0,31.02
Mahindra,EV,2020,,120,,44.0,246.0,7,6000.0,24.13
Tesla,EV,2018,,137,,41.5,250.0,7,10200.0,17.86
MG,EV,2020,,179,,47.7,290.0,5,11700.0,28.77
MG,EV,2024,,168,,41.2,233.0,5,11800.0,30.66
Tata,EV,2021,,169,,35.5,262.0,5,4700.0,31.26
BYD,EV,2019,,183,,84.0,567.0,5,8100.0,121.91
MG,EV,2018,,179,,46.5,314.0,5,10400.0,30.54
BYD,EV,2020,,338,,56.2,366.0,5,5400.0,82.07
MG,EV,2021,,196,,87.9,530.0,5,9700.0,89.64
MG,EV,2024,,152,,46.1,288.0,7,6800.0,25.78
Hyundai,EV,2020,,61,,33.3,195.0,5,11800.0,15.08
MG,EV,2018,,386,,70.2,448.0,5,5100.0,122.18
Mahindra,EV,2023,,169,,47.7,295.0,5,11100.0,22.46
Hyundai,EV,2018,,142,,36.2,222.0,5,10900.0,24.58
MG,EV,2022,,60,,23.4,166.0,7,5300.0,10.98
Tata,EV,2022,,390,,63.5,374.0,7,10400.0,117.03
Mahindra,EV,2024,,275,,90.6,533.0,7,4600.0,103.69
MG,EV,2022,,289,,80.4,490.0,5,5400.0,147.09
Tata,EV,2020,,250,,82.7,565.0,5,8400.0,134.37
Mahindra,EV,2023,,364,,87.4,531.0,5,4100.0,136.04
Hyundai,EV,2018,,102,,48.7,298.0,5,7300.0,23.32
Mahindra,EV,2018,,82,,20.8,144.0,5,4500.0,11.65
Mahindra,EV,2023,,101,,47.8,343.0,7,11400.0,20.78
Tata,EV,2020,,124,,54.7,369.0,5,4500.0,28.01
BYD,EV,2022,,70,,22.8,152.0,5,5200.0,15.82
Tesla,EV,2023,,177,,37.1,239.0,7,8800.0,18.41
MG,EV,2023,,151,,41.5,240.0,7,6800.0,30.39
MG,EV,2018,,80,,25.7,159.0,5,9300.0,10.35
BYD,EV,2023,,103,,44.7,329.0,5,8100.0,20.71
Tesla,EV,2024,,147,,49.5,304.0,7,10500.0,32.44
Hyundai,EV,2020,,480,,58.5,356.0,5,4100.0,132.69
Tesla,EV,2022,,417,,83.1,517.0,7,6400.0,81.4
Mahindra,EV,2023,,168,,38.6,245.0,7,7700.0,27.12
Hyundai,EV,2023,,111,,49.7,320.0,7,4200.0,25.56
Hyundai,EV,2024,,90,,22.4,137.0,5,9000.0,16.33
MG,EV,2023,,93,,29.6,178.0,5,8900.0,13.06
Hyundai,EV,2021,,397,,67.8,506.0,5,11900.0,106.64
MG,EV,2018,,336,,97.0,619.0,5,9400.0,132.62
Hyundai,EV,2024,,135,,36.4,257.0,5,6700.0,23.0
Tesla,EV,2024,,71,,26.8,185.0,7,9900.0,16.1
MG,EV,2019,,141,,40.0,276.0,5,11100.0,19.92
Tata,EV,2020,,328,,86.1,532.0,5,7500.0,119.89
Tata,EV,2024,,293,,92.1,518.0,7,9500.0,147.78
MG,EV,2019,,129,,49.4,366.0,5,6700.0,16.3
Mahindra,EV,2021,,83,,34.2,212.0,5,8100.0,12.38
MG,EV,2019,,82,,26.0,146.0,5,5900.0,11.03
Tata,EV,2019,,123,,45.4,294.0,5,10200.0,18.09
Hyundai,EV,2018,,346,,66.0,425.0,5,11200.0,123.43
Tata,EV,2023,,96,,32.8,191.0,7,7400.0,14.19
Hyundai,EV,2020,,72,,25.8,184.0,5,5900.0,11.25
Hyundai,EV,2024,,245,,93.0,562.0,5,11500.0,123.6
Hyundai,EV,2018,,94,,32.0,219.0,5,5100.0,11.58
Mahindra,EV,2024,,134,,43.3,266.0,5,6300.0,26.15
Tesla,EV,2019,,74,,27.2,170.0,5,5600.0,11.9
MG,EV,2020,,172,,40.4,251.0,5,4900.0,20.37
BYD,EV,2020,,81,,23.3,152.0,7,7100.0,13.92
Mahindra,EV,2023,,61,,26.4,176.0,5,6600.0,15.67
BYD,EV,2020,,119,,41.3,264.0,5,7300.0,16.04
Tata,EV,2022,,94,,32.5,200.0,5,7400.0,12.2
BYD,EV,2018,,100,,49.9,294.0,7,11300.0,27.01
Tesla,EV,2023,,109,,53.8,316.0,5,9200.0,24.78
MG,EV,2021,,105,,44.6,252.0,5,9700.0,19.29
Mahindra,EV,2022,,440,,78.3,582.0,5,8600.0,90.16
BYD,EV,2023,,62,,22.1,158.0,7,8800.0,14.95
Mahindra,EV,2023,,102,,47.4,264.0,7,9500.0,26.94
MG,EV,2022,,73,,25.2,186.0,5,9200.0,11.15
MG,EV,2020,,167,,50.4,301.0,5,4600.0,32.12
Mahindra,EV,2018,,108,,53.5,373.0,7,5700.0,29.58
Tesla,EV,2019,,138,,50.1,358.0,5,5400.0,18.41
Hyundai,EV,2021,,139,,45.7,288.0,7,4900.0,20.38
Tata,EV,2019,,288,,86.3,607.0,5,5700.0,59.48
Tata,EV,2022,,144,,36.6,237.0,5,11000.0,26.26
Mahindra,EV,2018,,343,,73.7,435.0,5,9400.0,77.12
MG,EV,2021,,106,,41.1,227.0,5,4900.0,25.82
Hyundai,EV,2021,,344,,68.2,378.0,5,6900.0,126.74
Mahindra,EV,2022,,115,,50.0,354.0,5,8600.0,32.47
Tata,EV,2021,,155,,48.2,281.0,5,11300.0,20.45
Mahindra,EV,2020,,81,,33.4,236.0,5,6400.0,9.55
BYD,EV,2019,,154,,50.8,284.0,5,11800.0,25.05
Tesla,EV,2019,,97,,32.9,218.0,5,5200.0,14.35
Tata,EV,2023,,105,,45.4,316.0,5,7400.0,29.76
Mahindra,EV,2018,,87,,24.3,147.0,5,8800.0,9.77
Tata,EV,2019,,70,,26.3,175.0,5,8500.0,13.16
Hyundai,EV,2024,,210,,85.3,563.0,5,5600.0,134.44
Hyundai,EV,2022,,259,,87.4,606.0,5,5800.0,132.42
Mahindra,EV,2021,,354,,56.0,371.0,5,6700.0,105.49
Tata,EV,2024,,323,,55.0,402.0,5,10000.0,120.45
MG,EV,2021,,121,,53.8,299.0,5,6400.0,31.24
Tata,EV,2020,,156,,47.1,314.0,5,12000.0,24.62
BYD,EV,2019,,340,,92.0,507.0,7,7100.0,148.42
Tata,EV,2023,,218,,85.5,631.0,5,4600.0,134.55
Mahindra,EV,2023,,491,,68.0,498.0,5,7500.0,101.94
MG,EV,2021,,125,,45.6,291.0,7,9900.0,20.12
Mahindra,EV,2018,,390,,90.6,638.0,5,8400.0,112.27
BYD,EV,2022,,165,,49.8,307.0,5,11800.0,29.36
Tata,EV,2023,,214,,74.9,555.0,7,5000.0,93.31
BYD,EV,2020,,116,,43.8,269.0,5,9400.0,29.34
Tata,EV,2022,,116,,46.7,341.0,5,10900.0,23.96
MG,EV,2024,,368,,74.6,521.0,5,5400.0,85.48
Hyundai,EV,2020,,172,,53.7,377.0,5,11100.0,31.47
Tesla,EV,2023,,110,,41.7,276.0,5,4800.0,26.85
MG,EV,2024,,98,,31.2,218.0,7,9600.0,16.06
BYD,EV,2022,,81,,29.8,223.0,5,11200.0,10.95
BYD,EV,2023,,168,,39.2,283.0,5,11400.0,22.12
Hyundai,EV,2020,,90,,24.5,140.0,5,4000.0,13.87
BYD,EV,2022,,256,,95.2,612.0,5,6700.0,100.53
Tesla,EV,2019,,76,,27.9,156.0,5,8900.0,12.03
Mahindra,EV,2020,,112,,48.1,350.0,7,11900.0,27.27
Tesla,EV,2024,,81,,24.6,145.0,7,8600.0,10.36
MG,EV,2024,,84,,28.8,203.0,5,8900.0,11.93
MG,EV,2024,,161,,36.3,211.0,5,11800.0,21.3
MG,EV,2019,,228,,66.9,498.0,5,7900.0,76.56
Tesla,EV,2020,,151,,49.1,301.0,5,7700.0,24.71
Tesla,EV,2018,,177,,49.1,280.0,5,11300.0,19.61
BYD,EV,2020,,474,,55.9,316.0,5,5200.0,127.65
Tesla,EV,2018,,499,,84.1,536.0,5,4300.0,159.27
Tesla,EV,2019,,90,,32.4,197.0,7,10900.0,12.24
BYD,EV,2018,,159,,50.6,364.0,5,11100.0,29.24
Tesla,EV,2022,,83,,27.4,165.0,5,5900.0,14.56
Tata,EV,2023,,319,,75.5,553.0,7,9400.0,101.2
MG,EV,2020,,124,,45.0,268.0,5,5900.0,23.94
Mahindra,EV,2023,,66,,28.1,196.0,7,7300.0,12.13
Tata,EV,2020,,138,,42.5,242.0,7,7400.0,23.77
Mahindra,EV,2021,,95,,24.5,146.0,7,9900.0,13.62
Hyundai,EV,2020,,294,,64.1,374.0,7,6600.0,122.82
Tata,EV,2022,,75,,30.8,208.0,7,10800.0,10.21
MG,EV,2023,,161,,52.8,344.0,5,9600.0,30.42
MG,EV,2023,,88,,30.9,209.0,5,9700.0,11.14
Mahindra,EV,2022,,455,,73.7,492.0,7,7800.0,117.46
Mahindra,EV,2018,,432,,58.8,325.0,7,8400.0,90.1
BYD,EV,2024,,78,,25.0,144.0,5,10300.0,11.31
MG,EV,2019,,459,,86.5,635.0,5,4100.0,63.99
Tesla,EV,2018,,112,,38.7,268.0,7,10600.0,25.28
Mahindra,EV,2021,,71,,26.0,175.0,7,11800.0,11.89
Hyundai,EV,2019,,86,,20.6,138.0,5,7400.0,12.66
Tata,EV,2018,,124,,50.0,346.0,5,4800.0,16.81
Tesla,EV,2022,,130,,36.2,241.0,5,7900.0,16.55
BYD,EV,2024,,399,,79.5,555.0,7,10600.0,68.64
Tesla,EV,2020,,73,,21.2,126.0,7,9200.0,8.75
MG,EV,2020,,147,,40.6,258.0,5,9600.0,16.84
Tesla,EV,2018,,73,,32.0,226.0,7,4500.0,14.4
Tata,EV,2021,,328,,77.1,514.0,5,9600.0,86.24
Tata,EV,2024,,65,,23.8,171.0,5,9900.0,14.82
Tata,EV,2023,,499,,86.7,638.0,5,7900.0,173.17
Tata,EV,2021,,177,,48.8,299.0,5,10300.0,30.21
Tesla,EV,2020,,106,,38.1,283.0,5,4000.0,29.31
Tata,EV,2022,,137,,41.9,261.0,5,8400.0,29.84
BYD,EV,2022,,94,,35.0,209.0,7,10200.0,10.41
MG,EV,2024,,412,,66.4,391.0,5,5100.0,101.34
BYD,EV,2022,,104,,52.9,359.0,5,10000.0,24.21
Tata,EV,2020,,156,,54.4,369.0,7,5200.0,18.63
Tesla,EV,2024,,99,,20.6,137.0,5,5900.0,10.65
BYD,EV,2024,,61,,32.4,205.0,7,8300.0,12.0
Hyundai,EV,2023,,89,,29.0,208.0,7,10700.0,10.76
Mahindra,EV,2020,,75,,24.4,183.0,5,6900.0,12.94
MG,EV,2019,,98,,26.8,188.0,5,11800.0,14.06
Hyundai,EV,2018,,84,,23.8,133.0,5,9800.0,12.74
Mahindra,EV,2019,,445,,94.6,571.0,5,7000.0,140.3
Tata,EV,2018,,96,,26.4,146.0,5,9600.0,11.87
Tata,EV,2019,,198,,59.6,402.0,5,10400.0,97.34
Hyundai,EV,2021,,85,,26.9,175.0,5,6000.0,10.94
Mahindra,EV,2020,,168,,43.3,247.0,5,10500.0,16.99
MG,EV,2023,,115,,39.9,244.0,5,8200.0,18.86
Hyundai,EV,2018,,167,,50.8,333.0,7,10400.0,15.97
Tata,EV,2024,,179,,52.6,302.0,5,5300.0,18.73
Tata,EV,2023,,155,,44.9,313.0,5,11500.0,26.47
Hyundai,EV,2023,,174,,52.5,369.0,7,7600.0,19.36
Tesla,EV,2024,,159,,35.6,224.0,5,8800.0,30.5
Tata,EV,2022,,117,,35.1,250.0,7,4500.0,25.47
Tata,EV,2022,,62,,33.6,243.0,5,5700.0,13.44
Tesla,EV,2020,,161,,43.0,301.0,7,4800.0,18.18
BYD,EV,2020,,357,,80.6,474.0,7,5800.0,69.32
Tata,EV,2023,,74,,27.9,186.0,5,6700.0,11.95
MG,EV,2020,,120,,42.1,314.0,5,10800.0,19.99
Tata,EV,2018,,67,,25.7,176.0,5,6600.0,11.32
Tesla,EV,2021,,98,,23.4,158.0,7,9100.0,12.3
Mahindra,EV,2019,,129,,49.0,275.0,5,5700.0,24.96
Tata,EV,2022,,211,,96.0,713.0,5,10000.0,74.63
Mahindra,EV,2022,,198,,95.1,636.0,5,11400.0,67.86
MG,EV,2019,,375,,62.8,422.0,7,7200.0,58.0
Tesla,EV,2023,,163,,45.5,306.0,7,5800.0,25.42
BYD,EV,2018,,153,,54.2,381.0,7,8600.0,27.08
Tata,EV,2023,,207,,97.5,710.0,7,7700.0,83.63
Hyundai,EV,2018,,302,,97.2,645.0,5,8800.0,82.77
MG,EV,2019,,85,,24.1,135.0,5,8100.0,14.01
Hyundai,EV,2023,,147,,37.8,261.0,7,7700.0,21.29
Mahindra,EV,2024,,66,,21.1,135.0,7,8900.0,9.45
Tesla,EV,2023,,72,,27.1,199.0,5,7100.0,10.93
Mahindra,EV,2023,,61,,32.0,228.0,5,10500.0,15.72
BYD,EV,2021,,396,,88.5,565.0,5,6100.0,73.66
Tesla,EV,2020,,98,,28.8,197.0,5,8400.0,11.03
Tesla,EV,2023,,84,,22.0,137.0,5,5600.0,16.07
MG,EV,2021,,60,,30.2,220.0,7,10800.0,9.45
Hyundai,EV,2018,,92,,26.8,149.0,5,10100.0,12.53
Tata,EV,2020,,112,,52.1,302.0,5,5600.0,27.79
BYD,EV,2022,,91,,20.7,141.0,5,11000.0,12.78
Tata,EV,2019,,435,,78.2,517.0,5,6300.0,101.29
MG,EV,2022,,417,,63.2,437.0,5,7300.0,113.73
Mahindra,EV,2022,,170,,40.0,249.0,5,5800.0,27.7
Tesla,EV,2023,,466,,89.7,542.0,7,6400.0,86.75
Mahindra,EV,2022,,145,,43.9,322.0,7,6900.0,32.48
MG,EV,2023,,158,,39.4,257.0,5,6700.0,29.21
Hyundai,EV,2023,,285,,85.2,512.0,5,9600.0,92.37
Mahindra,EV,2024,,110,,51.7,353.0,7,6300.0,32.69
Tesla,EV,2019,,151,,45.8,284.0,7,10700.0,25.85
Hyundai,EV,2019,,171,,47.7,310.0,5,7300.0,27.39
Tata,EV,2018,,97,,30.5,224.0,5,4900.0,11.76
Mahindra,EV,2023,,472,,57.7,409.0,5,8600.0,92.78
Mahindra,EV,2018,,308,,89.7,546.0,5,4800.0,126.48
MG,EV,2022,,73,,30.1,188.0,5,4800.0,13.9
Mahindra,EV,2023,,135,,46.1,341.0,5,4900.0,30.45
MG,EV,2023,,117,,36.7,264.0,5,4500.0,29.11
Tata,EV,2020,,109,,54.8,351.0,7,4800.0,27.17
Hyundai,EV,2020,,473,,74.6,514.0,7,9200.0,123.14
Mahindra,EV,2020,,89,,21.2,132.0,5,6400.0,13.38
MG,EV,2024,,156,,37.6,251.0,7,10300.0,31.17
BYD,EV,2020,,160,,43.2,275.0,5,11100.0,19.82
BYD,EV,2019,,189,,79.1,537.0,7,9700.0,94.34
MG,EV,2019,,176,,35.2,252.0,5,10400.0,22.57
BYD,EV,2020,,62,,33.0,209.0,5,5500.0,10.02
BYD,EV,2019,,215,,93.6,560.0,5,6500.0,54.25
Tata,EV,2020,,110,,54.0,395.0,7,12000.0,16.54
BYD,EV,2020,,79,,28.2,208.0,5,7200.0,9.29
Tesla,EV,2020,,165,,51.6,361.0,5,6800.0,21.25
MG,EV,2019,,345,,96.1,555.0,5,11600.0,118.32
BYD,EV,2019,,95,,31.1,187.0,5,8700.0,11.66
Mahindra,EV,2021,,274,,73.0,421.0,5,11000.0,76.52
Mahindra,EV,2021,,107,,36.4,244.0,7,6900.0,29.4
Mahindra,EV,2018,,313,,66.6,385.0,5,8000.0,107.7
Hyundai,EV,2020,,82,,34.2,256.0,7,8100.0,14.55
MG,EV,2023,,109,,42.9,294.0,5,4200.0,30.74
BYD,EV,2022,,431,,95.8,635.0,5,7700.0,136.2
Hyundai,EV,2022,,60,,27.3,173.0,5,4800.0,9.0
Tesla,EV,2023,,79,,23.8,158.0,7,5000.0,9.74
Tata,EV,2024,,344,,69.0,403.0,5,4200.0,101.86
Tata,EV,2018,,69,,33.0,243.0,5,7000.0,11.19
Tata,EV,2024,,81,,24.1,137.0,5,4700.0,9.79
MG,EV,2021,,131,,45.6,285.0,5,7500.0,21.9
MG,EV,2022,,444,,73.4,524.0,7,6600.0,141.01
Tata,EV,2020,,135,,42.6,282.0,7,9200.0,23.33
Tata,EV,2020,,321,,88.1,579.0,5,10600.0,88.28
BYD,EV,2018,,123,,40.5,301.0,7,4800.0,26.76
Hyundai,EV,2022,,468,,56.1,356.0,5,10500.0,66.99
Mahindra,EV,2020,,120,,43.8,297.0,7,4100.0,18.95
Tesla,EV,2023,,175,,47.9,303.0,5,6300.0,24.9
Tesla,EV,2019,,162,,53.8,323.0,5,9500.0,18.39
MG,EV,2023,,292,,60.5,335.0,5,7800.0,79.29
Tesla,EV,2020,,120,,50.6,316.0,5,5900.0,18.27
Mahindra,EV,2021,,128,,53.9,369.0,7,6600.0,16.87
MG,EV,2018,,265,,69.8,413.0,7,4700.0,104.16
BYD,EV,2022,,413,,86.2,578.0,5,6200.0,123.25
Tesla,EV,2024,,68,,30.9,206.0,7,4700.0,13.82
Tesla,EV,2021,,161,,48.7,328.0,5,5500.0,18.95
Mahindra,EV,2019,,149,,41.5,247.0,5,10600.0,20.44
MG,EV,2018,,210,,95.6,549.0,5,5100.0,88.71
MG,EV,2020,,163,,40.5,227.0,5,7400.0,29.65
Hyundai,EV,2024,,485,,58.0,425.0,7,7400.0,78.03
Hyundai,EV,2019,,122,,35.2,215.0,5,4900.0,22.24
Hyundai,EV,2020,,110,,35.6,197.0,5,11000.0,24.13
Hyundai,EV,2020,,72,,30.0,223.0,7,6900.0,13.78
Tata,EV,2024,,412,,98.7,608.0,5,8600.0,160.29
Hyundai,EV,2018,,168,,52.9,349.0,7,7500.0,16.1
BYD,EV,2023,,177,,48.5,318.0,5,4700.0,28.18
Hyundai,EV,2020,,134,,41.0,288.0,5,6100.0,25.44
BYD,EV,2019,,99,,33.4,247.0,5,4400.0,10.15
Hyundai,EV,2020,,165,,46.8,337.0,5,4100.0,25.11
Tata,EV,2021,,153,,41.2,236.0,5,9800.0,19.85
Tesla,EV,2024,,148,,36.0,232.0,7,4900.0,19.68
MG,EV,2021,,117,,37.9,243.0,5,9100.0,27.7
Tata,EV,2018,,496,,81.1,599.0,5,9100.0,128.19
Tata,EV,2023,,97,,32.6,224.0,5,6700.0,15.23
MG,EV,2020,,158,,41.3,260.0,5,10800.0,25.59
BYD,EV,2020,,150,,51.0,325.0,5,5400.0,31.26
Tata,EV,2020,,439,,63.3,431.0,7,4900.0,88.11
Tesla,EV,2024,,413,,56.7,334.0,7,6000.0,110.22
Tata,EV,2019,,164,,46.2,274.0,5,4500.0,21.38
BYD,EV,2020,,148,,53.4,343.0,5,5600.0,19.05
Tata,EV,2022,,121,,42.6,264.0,5,4400.0,27.59
MG,EV,2023,,274,,55.5,393.0,7,10100.0,155.19
BYD,EV,2019,,139,,44.0,315.0,7,10700.0,17.9
Mahindra,EV,2021,,172,,44.8,273.0,5,7300.0,24.91
Tata,EV,2018,,83,,30.1,188.0,5,6300.0,12.77
Mahindra,EV,2024,,65,,23.9,160.0,5,9400.0,15.18
Mahindra,EV,2022,,79,,26.7,172.0,5,9100.0,14.61
MG,EV,2023,,216,,70.0,461.0,5,11700.0,65.96
Hyundai,EV,2019,,166,,52.9,310.0,7,4200.0,22.1
Tesla,EV,2021,,119,,37.0,271.0,7,5100.0,19.71
Tata,EV,2018,,127,,42.8,294.0,5,9500.0,25.39
Hyundai,EV,2018,,62,,20.9,133.0,5,5800.0,9.3
Tata,EV,2024,,112,,49.5,314.0,7,8500.0,30.82
BYD,EV,2023,,151,,43.1,302.0,5,9800.0,21.18
Tata,EV,2021,,142,,43.3,322.0,7,7200.0,25.11
Mahindra,EV,2023,,74,,24.6,153.0,5,11100.0,11.6
Tata,EV,2019,,82,,27.5,203.0,7,7100.0,8.88
BYD,EV,2024,,170,,42.6,314.0,5,9500.0,19.92
MG,EV,2020,,77,,30.7,220.0,7,11700.0,13.71
MG,EV,2022,,67,,21.3,134.0,5,6800.0,14.33
BYD,EV,2021,,154,,49.9,284.0,5,7900.0,29.99
MG,EV,2023,,104,,47.3,342.0,7,5400.0,32.03
Mahindra,EV,2022,,154,,44.3,320.0,5,7900.0,25.42
Mahindra,EV,2024,,118,,43.3,275.0,7,6100.0,18.99
BYD,EV,2024,,80,,22.8,146.0,7,6300.0,15.16
Hyundai,EV,2020,,231,,60.8,347.0,5,4200.0,81.51
Mahindra,EV,2022,,151,,47.8,338.0,5,11700.0,22.22
Tata,EV,2019,,163,,51.2,297.0,5,5700.0,28.45
Tata,EV,2021,,133,,54.0,382.0,5,11500.0,27.52
Tesla,EV,2019,,65,,25.8,152.0,5,6900.0,13.98
Tesla,EV,2018,,91,,20.6,124.0,7,8800.0,9.37
MG,EV,2021,,131,,50.2,318.0,5,6300.0,23.62
Hyundai,EV,2021,,71,,30.5,197.0,5,5000.0,13.51
Hyundai,EV,2024,,253,,94.9,622.0,5,4100.0,68.73
MG,EV,2019,,352,,72.2,507.0,5,8900.0,63.66
MG,EV,2021,,412,,75.5,497.0,7,11300.0,91.08
BYD,EV,2020,,95,,25.3,143.0,5,6700.0,14.37
Tata,EV,2024,,93,,34.9,200.0,7,8300.0,11.08
MG,EV,2021,,90,,33.3,202.0,7,7700.0,12.38
Tata,EV,2022,,85,,21.5,151.0,5,11100.0,11.04
Mahindra,EV,2020,,79,,27.0,153.0,7,8000.0,9.94
Tesla,EV,2024,,63,,29.5,178.0,5,10900.0,16.32
Tesla,EV,2018,,70,,28.4,193.0,5,9600.0,9.67
BYD,EV,2019,,87,,22.5,124.0,5,7300.0,11.83
Hyundai,EV,2024,,65,,21.9,130.0,5,9600.0,10.26
Hyundai,EV,2022,,295,,86.9,529.0,7,10100.0,120.62
Tesla,EV,2022,,100,,54.7,301.0,5,4500.0,16.75
Tata,EV,2022,,480,,79.0,469.0,7,11500.0,110.05
Tesla,EV,2021,,313,,92.8,639.0,5,10500.0,148.39
Tata,EV,2020,,324,,83.5,461.0,5,8100.0,123.94
MG,EV,2024,,483,,65.8,402.0,5,4300.0,68.66
Tesla,EV,2021,,72,,30.2,208.0,5,4800.0,12.63
BYD,EV,2018,,163,,46.6,332.0,5,9400.0,19.07
Hyundai,EV,2020,,143,,44.4,287.0,5,12000.0,28.05
BYD,EV,2021,,353,,71.4,475.0,5,9800.0,156.46
BYD,EV,2024,,65,,30.5,214.0,7,8100.0,16.12
Mahindra,EV,2021,,147,,50.5,344.0,7,5500.0,21.34
MG,EV,2024,,417,,65.9,389.0,5,10400.0,82.1
Tesla,EV,2022,,333,,92.8,655.0,5,6100.0,145.58
MG,EV,2018,,97,,28.9,216.0,7,11200.0,11.24
Tesla,EV,2022,,307,,96.6,678.0,7,10300.0,145.32
Tesla,EV,2018,,169,,42.1,308.0,5,9700.0,19.83
Tata,EV,2024,,123,,50.8,353.0,5,9000.0,27.18
Hyundai,EV,2018,,237,,76.3,457.0,7,10400.0,106.34
Tata,EV,2021,,151,,37.8,208.0,7,5000.0,24.35
Tata,EV,2022,,285,,66.0,409.0,7,5000.0,96.19
Tata,EV,2021,,112,,39.8,264.0,7,5000.0,17.02
MG,EV,2020,,98,,27.9,197.0,5,5800.0,15.23
Tesla,EV,2022,,80,,33.9,249.0,5,5000.0,14.03
Mahindra,EV,2023,,71,,35.0,250.0,7,6500.0,10.9
Tesla,EV,2024,,73,,24.4,146.0,7,9900.0,9.54
Mahindra,EV,2024,,269,,72.5,528.0,5,4700.0,100.66
Tata,EV,2020,,79,,23.9,145.0,5,5300.0,14.19
Hyundai,EV,2020,,134,,36.0,259.0,5,4700.0,29.25
MG,EV,2024,,168,,35.9,240.0,7,8400.0,32.21
BYD,EV,2018,,148,,37.0,211.0,5,11000.0,22.21
Hyundai,EV,2022,,165,,38.2,263.0,5,6200.0,24.29
BYD,EV,2024,,80,,28.6,173.0,5,7300.0,12.48
Mahindra,EV,2022,,74,,30.3,191.0,7,4000.0,15.59
MG,EV,2024,,335,,97.2,667.0,5,10200.0,128.89
Tata,EV,2022,,168,,37.5,279.0,5,10600.0,30.12
Tata,EV,2020,,68,,24.0,175.0,5,4600.0,9.17
MG,EV,2023,,174,,48.5,340.0,7,7600.0,25.95
Tata,EV,2022,,100,,41.8,303.0,7,5900.0,31.58
MG,EV,2020,,211,,63.9,409.0,7,8900.0,85.21
Tata,EV,2024,,173,,54.7,371.0,7,9200.0,20.29
Tata,EV,2023,,461,,77.9,577.0,5,5700.0,66.58
Hyundai,EV,2020,,77,,34.0,253.0,5,9100.0,13.17
Mahindra,EV,2018,,294,,73.7,465.0,5,8400.0,75.88
Tesla,EV,2023,,66,,28.7,170.0,5,10500.0,13.0
Tata,EV,2022,,69,,28.5,172.0,5,10200.0,10.75
Hyundai,EV,2020,,118,,47.3,343.0,5,9300.0,21.13
BYD,EV,2020,,113,,35.6,245.0,5,10100.0,28.14
Mahindra,EV,2024,,91,,34.5,254.0,5,10600.0,10.3
Mahindra,EV,2023,,251,,70.5,506.0,5,6400.0,135.03
Tata,EV,2020,,278,,98.8,739.0,5,5700.0,76.41
Tesla,EV,2018,,189,,67.3,385.0,7,5800.0,70.28
Mahindra,EV,2019,,62,,21.5,160.0,5,10200.0,9.14
Hyundai,EV,2023,,67,,29.7,189.0,5,11400.0,10.09
Tesla,EV,2019,,68,,28.9,164.0,5,10700.0,10.6
MG,EV,2023,,102,,47.6,294.0,5,7000.0,20.5
BYD,EV,2024,,97,,28.3,205.0,5,8900.0,10.29
Hyundai,EV,2024,,397,,85.7,610.0,7,6200.0,128.07
Hyundai,EV,2020,,472,,82.2,604.0,7,8900.0,68.98
Mahindra,EV,2018,,105,,46.9,348.0,5,11300.0,29.08
Mahindra,EV,2018,,397,,68.2,399.0,5,10100.0,148.86
Mahindra,EV,2018,,91,,34.0,229.0,5,9000.0,13.43
Tata,EV,2019,,149,,44.8,256.0,5,6600.0,15.78
Tesla,EV,2021,,62,,22.9,130.0,5,10800.0,11.34
Mahindra,EV,2020,,153,,54.5,406.0,5,9000.0,17.13
MG,EV,2023,,173,,54.8,376.0,5,4700.0,33.25
Tesla,EV,2024,,98,,21.2,145.0,5,5700.0,11.04
Tesla,EV,2023,,147,,50.9,337.0,7,6400.0,22.37
Tata,EV,2021,,253,,73.5,518.0,5,4300.0,96.33
MG,EV,2019,,121,,48.0,344.0,7,9700.0,29.69
Tesla,EV,2024,,123,,49.8,338.0,5,11900.0,27.45
Tesla,EV,2023,,63,,34.8,212.0,5,7000.0,13.28
MG,EV,2019,,296,,73.5,442.0,5,9600.0,136.41
Hyundai,EV,2023,,168,,36.9,228.0,7,7700.0,33.29
Hyundai,EV,2022,,220,,77.7,539.0,5,9400.0,95.0
Tesla,EV,2020,,115,,42.5,268.0,5,4100.0,19.06
Tata,EV,2024,,181,,98.5,581.0,5,8600.0,57.25
Tesla,EV,2023,,151,,38.9,288.0,7,9500.0,19.13
MG,EV,2022,,210,,90.7,652.0,5,9300.0,145.28
Tata,EV,2019,,140,,38.1,260.0,5,5800.0,16.42
MG,EV,2023,,151,,45.7,322.0,5,7800.0,23.62
Hyundai,EV,2021,,306,,70.2,407.0,5,6800.0,64.88
Hyundai,EV,2018,,94,,20.8,121.0,5,10000.0,10.86
Hyundai,EV,2024,,80,,30.4,213.0,5,8000.0,15.81
Tata,EV,2021,,164,,35.3,242.0,5,9500.0,23.89
Tata,EV,2021,,378,,88.2,591.0,5,4000.0,97.73
Mahindra,EV,2019,,60,,28.0,210.0,7,4300.0,10.42
Hyundai,EV,2021,,71,,21.8,129.0,7,7200.0,12.65
Hyundai,EV,2022,,92,,32.8,216.0,5,7500.0,14.54
Mahindra,EV,2022,,97,,24.0,159.0,7,6100.0,14.94
MG,EV,2021,,109,,36.3,269.0,7,7000.0,16.17
Tesla,EV,2021,,245,,66.0,484.0,5,8900.0,67.46
BYD,EV,2019,,71,,27.6,177.0,7,7700.0,8.82
MG,EV,2018,,119,,41.0,264.0,5,11000.0,20.52
Hyundai,EV,2019,,297,,89.3,530.0,7,6600.0,94.59
Tata,EV,2019,,240,,64.5,443.0,5,6800.0,79.19
Tesla,EV,2024,,74,,24.1,174.0,5,4500.0,15.01
Tesla,EV,2022,,125,,42.9,264.0,5,6700.0,20.09
BYD,EV,2023,,79,,34.9,245.0,7,10500.0,13.62
Mahindra,EV,2024,,75,,29.8,192.0,5,5600.0,16.34
Hyundai,EV,2024,,428,,99.5,705.0,5,10300.0,96.85
Mahindra,EV,2022,,63,,26.4,190.0,7,11200.0,15.02
Mahindra,EV,2022,,90,,28.9,194.0,7,6600.0,15.89
Mahindra,EV,2021,,387,,57.4,382.0,5,8300.0,100.38
BYD,EV,2023,,362,,59.0,436.0,5,6100.0,129.6
Mahindra,EV,2021,,72,,24.6,171.0,5,8200.0,13.17
BYD,EV,2022,,70,,29.2,212.0,5,10000.0,12.99
Mahindra,EV,2021,,166,,48.5,354.0,5,4500.0,22.84
Tesla,EV,2020,,158,,48.2,314.0,5,6800.0,29.15
Hyundai,EV,2022,,85,,28.6,162.0,7,10100.0,9.82
Hyundai,EV,2020,,376,,58.2,431.0,7,5900.0,78.87
Mahindra,EV,2018,,117,,36.8,223.0,5,7500.0,16.23
BYD,EV,2021,,102,,48.0,276.0,5,7600.0,23.31
Tata,EV,2020,,121,,53.7,314.0,5,6100.0,29.74
MG,EV,2021,,99,,34.8,231.0,5,9800.0,9.59
Tata,EV,2023,,135,,53.8,300.0,5,11300.0,21.99
Tesla,EV,2020,,112,,40.7,283.0,5,5400.0,20.0
Mahindra,EV,2022,,221,,88.6,496.0,5,7300.0,118.8
MG,EV,2021,,99,,23.7,139.0,5,7600.0,12.99
Hyundai,EV,2019,,84,,32.7,196.0,5,6100.0,8.67
Mahindra,EV,2023,,128,,48.1,345.0,5,5300.0,32.29
Mahindra,EV,2021,,137,,47.1,291.0,7,6400.0,22.35
Mahindra,EV,2024,,496,,62.5,394.0,5,6000.0,81.38
Tesla,EV,2024,,121,,47.8,304.0,7,5800.0,29.68
BYD,EV,2024,,213,,91.6,532.0,5,6300.0,68.91
Hyundai,EV,2019,,132,,50.0,354.0,7,5400.0,26.75
Hyundai,EV,2023,,243,,82.4,559.0,7,8400.0,72.69
Tata,EV,2024,,88,,31.7,180.0,5,8900.0,14.78
BYD,EV,2020,,90,,33.6,193.0,5,8600.0,14.95
Hyundai,EV,2018,,131,,42.8,258.0,7,5900.0,25.65
Hyundai,EV,2023,,126,,36.7,243.0,5,5500.0,27.82
MG,EV,2021,,353,,78.2,488.0,7,10500.0,90.51
Hyundai,EV,2021,,407,,57.4,393.0,5,5700.0,145.24
Mahindra,EV,2022,,136,,49.6,316.0,7,9000.0,23.41
Tata,EV,2020,,250,,62.3,365.0,5,6700.0,107.98
MG,EV,2024,,64,,22.7,147.0,5,5000.0,13.65
BYD,EV,2020,,100,,35.4,244.0,7,7600.0,27.94
Tesla,EV,2022,,105,,54.5,354.0,5,11600.0,28.98
Hyundai,EV,2018,,493,,72.2,497.0,5,10100.0,115.47
Hyundai,EV,2020,,97,,23.6,158.0,5,8700.0,9.58
Tata,EV,2022,,62,,27.6,206.0,5,5600.0,9.68
Tata,EV,2021,,143,,40.8,251.0,5,4200.0,31.42
MG,EV,2021,,143,,42.0,309.0,5,11700.0,25.3
Tesla,EV,2021,,114,,52.1,302.0,5,11700.0,30.21
MG,EV,2024,,89,,28.1,192.0,5,8200.0,11.09
Tesla,EV,2018,,142,,51.0,303.0,5,11500.0,17.12
MG,EV,2022,,219,,73.0,508.0,5,8700.0,134.89
Tesla,EV,2019,,156,,36.2,269.0,7,7500.0,21.62
BYD,EV,2021,,133,,47.5,309.0,5,8400.0,19.47
MG,EV,2019,,173,,36.4,270.0,7,4800.0,17.2
MG,EV,2020,,149,,38.3,279.0,5,6700.0,29.96
Tesla,EV,2022,,68,,20.6,150.0,5,10500.0,14.88
Tesla,EV,2019,,255,,69.7,490.0,5,8000.0,79.87
Hyundai,EV,2024,,105,,45.6,310.0,5,7400.0,25.27
BYD,EV,2024,,326,,71.1,481.0,5,7600.0,62.57
BYD,EV,2020,,499,,70.2,474.0,5,8200.0,92.09
Tata,EV,2021,,281,,85.3,522.0,5,9600.0,76.14
Hyundai,EV,2022,,169,,47.1,288.0,5,7400.0,31.11
Tata,EV,2024,,151,,52.9,291.0,5,5600.0,26.47
Tesla,EV,2018,,98,,28.5,163.0,5,10500.0,10.04
Mahindra,EV,2021,,164,,49.4,288.0,5,11400.0,26.88
Tesla,EV,2024,,84,,26.7,197.0,5,4900.0,10.01
Hyundai,EV,2021,,113,,53.2,392.0,7,9500.0,17.72
Mahindra,EV,2019,,316,,76.7,543.0,5,5600.0,145.81
Tesla,EV,2018,,70,,34.7,230.0,5,10800.0,12.25
BYD,EV,2023,,118,,54.2,343.0,5,8700.0,32.56
Hyundai,EV,2023,,455,,80.2,510.0,5,5600.0,123.54
Tata,EV,2024,,60,,30.2,172.0,7,6100.0,12.64
Mahindra,EV,2020,,212,,75.0,509.0,5,10700.0,102.13
Tata,EV,2023,,137,,38.5,224.0,5,7300.0,33.3
Tesla,EV,2024,,262,,61.3,384.0,7,10600.0,117.1
MG,EV,2018,,95,,24.3,151.0,5,10200.0,13.02
BYD,EV,2018,,80,,27.6,201.0,5,8400.0,10.98
MG,EV,2021,,374,,67.2,417.0,5,5400.0,142.96
Tesla,EV,2022,,113,,39.5,277.0,5,7200.0,21.83
Tesla,EV,2022,,86,,34.6,199.0,5,5300.0,9.86
Mahindra,EV,2021,,63,,26.9,159.0,7,7000.0,11.68
Tata,EV,2022,,134,,42.7,250.0,5,4400.0,29.68
Tesla,EV,2021,,147,,43.7,269.0,5,11700.0,28.17
MG,EV,2018,,74,,30.4,189.0,5,10900.0,11.87
BYD,EV,2023,,163,,39.0,217.0,5,9200.0,20.19
Tesla,EV,2024,,286,,70.9,457.0,5,7100.0,66.66
BYD,EV,2024,,82,,30.9,220.0,5,7500.0,14.22
Tesla,EV,2021,,65,,20.9,142.0,5,8300.0,9.67
Hyundai,EV,2019,,163,,37.0,271.0,5,8500.0,16.64
Tesla,EV,2018,,112,,48.2,286.0,5,10100.0,20.87
Mahindra,EV,2023,,177,,54.2,360.0,5,11400.0,18.82
Tesla,EV,2023,,102,,39.7,295.0,7,6400.0,22.93
BYD,EV,2021,,164,,51.4,382.0,5,6800.0,30.46
Mahindra,EV,2024,,97,,27.6,180.0,7,8300.0,11.73
Hyundai,EV,2020,,72,,22.2,130.0,5,9100.0,9.28
MG,EV,2024,,78,,26.9,168.0,5,11900.0,16.08
MG,EV,2020,,454,,55.3,332.0,5,6200.0,89.17
MG,EV,2019,,89,,22.2,141.0,5,6200.0,8.8
BYD,EV,2023,,172,,54.2,314.0,5,7200.0,26.25
Tesla,EV,2020,,115,,47.7,310.0,7,6700.0,24.78
Tesla,EV,2023,,74,,33.4,247.0,7,5500.0,9.89
Hyundai,EV,2023,,156,,38.9,288.0,7,5500.0,21.89
Tesla,EV,2024,,131,,52.2,362.0,7,11500.0,19.99
BYD,EV,2022,,128,,43.4,244.0,5,7600.0,19.27
Mahindra,EV,2024,,483,,98.1,597.0,5,7600.0,69.09
Hyundai,EV,2018,,397,,79.7,474.0,5,7000.0,62.83
MG,EV,2023,,492,,59.2,389.0,5,5900.0,136.78
BYD,EV,2023,,61,,28.1,183.0,5,9400.0,12.35
Mahindra,EV,2020,,161,,47.7,281.0,7,7500.0,17.72
Tata,EV,2022,,174,,40.6,252.0,5,4400.0,26.52
Tata,EV,2024,,171,,48.0,327.0,5,10900.0,20.66
MG,EV,2022,,140,,53.8,322.0,5,4400.0,23.02
BYD,EV,2019,,166,,46.3,273.0,5,9300.0,24.66
Hyundai,EV,2024,,151,,52.4,364.0,5,12000.0,19.03
MG,EV,2021,,207,,66.6,409.0,5,9200.0,133.28
MG,EV,2019,,144,,51.2,307.0,7,8400.0,24.86
MG,EV,2022,,458,,80.5,594.0,5,4700.0,165.99
MG,EV,2021,,76,,21.2,154.0,5,9000.0,10.97
MG,EV,2018,,66,,25.5,188.0,7,8400.0,9.8
Tata,EV,2021,,194,,55.3,356.0,5,8500.0,108.61
Tata,EV,2021,,143,,52.7,302.0,5,10300.0,22.02
Mahindra,EV,2020,,101,,53.3,396.0,5,7800.0,26.83
Mahindra,EV,2020,,165,,39.4,285.0,5,10200.0,20.63
MG,EV,2018,,69,,23.9,175.0,5,7400.0,9.05
Mahindra,EV,2018,,81,,25.0,157.0,5,10000.0,13.84
Tesla,EV,2022,,315,,55.4,395.0,7,10700.0,145.87
BYD,EV,2019,,91,,23.8,171.0,7,8300.0,12.67
Tata,EV,2020,,134,,40.6,283.0,5,9300.0,18.76
MG,EV,2021,,103,,43.9,288.0,7,8800.0,19.59
MG,EV,2019,,84,,27.1,172.0,7,10300.0,14.28
Hyundai,EV,2018,,73,,29.3,219.0,7,6200.0,12.04
Hyundai,EV,2018,,96,,34.2,218.0,5,4300.0,12.74
Tesla,EV,2020,,120,,36.9,220.0,7,8000.0,30.31
MG,EV,2020,,61,,28.3,195.0,7,8700.0,12.24
Hyundai,EV,2018,,120,,38.9,257.0,5,11500.0,18.24
BYD,EV,2019,,402,,67.1,387.0,5,9400.0,149.98
Hyundai,EV,2020,,118,,51.6,293.0,5,7400.0,16.64
MG,EV,2019,,89,,34.8,218.0,5,10700.0,10.28
Tata,EV,2018,,179,,40.4,275.0,5,9400.0,16.5
Tata,EV,2022,,166,,52.2,343.0,5,9800.0,22.64
Hyundai,EV,2020,,339,,73.0,415.0,5,4500.0,114.59
Tesla,EV,2018,,174,,41.3,246.0,5,10800.0,28.34
Hyundai,EV,2021,,70,,29.2,206.0,7,4800.0,13.23
